title,url,rating,price,search_url
The Drop Women's Nina Lace-Up Fashion Sneaker,/sspa/click?ie=UTF8&spc=MTo4MzY3Mjg0MDgzMDE1OTc0OjE3MjI2NzQyNjE6c3BfYXRmOjIwMDAxNzQ2Nzk0Nzk4MTo6MDo6&url=%2FDrop-Nina-Lace-up-Fashion-Sneaker%2Fdp%2FB07SXSTH1J%2Fref%3Dsr_1_1_ffob_sspa%3Fdib%3DeyJ2IjoiMSJ9.upnvAfJjF8rAyzZ3rch6Cp2TnyJzRoB1TsScZdfAQ1JFzlybw-O-RxhI91mea45Bn4PUM2XqnYJmEJL2fHY5Jf61qlcStRqUOtR0Z_0BHm1CqoswLlhRsk0JNJsozTpqoL_3x8ygCGRBSQVGLbqKDgQRF3xn6_MSbR4iGwk4h24exZFeMvze0laPlPz9nRdsYNBjyG2iXvryU1XFLN-NBZZkU9T28hD2Kh8o-1VIkBvKGt1EHiXM7IMl07ml4HHc2KDbdeAT04QtjVIPNIDV5JP97sRtykl7vEjLYfMTOoc.XmlXS0NEzYydwr7fqHVpuYqASFes8py_DWRwz3vRRgs%26dib_tag%3Dse%26keywords%3Dsneakers%26qid%3D1722674261%26sr%3D8-1-spons%26sp_csd%3Dd2lkZ2V0TmFtZT1zcF9hdGY%26psc%3D1,4.2 out of 5 stars,$32.93,https://www.amazon.com/s?k=sneakers&page=1
Karl Lagerfeld Paris women's Cate Pins Sneaker,/sspa/click?ie=UTF8&spc=MTo4MzY3Mjg0MDgzMDE1OTc0OjE3MjI2NzQyNjE6c3BfYXRmOjMwMDE1NTQ0MTc3ODIwMjo6MDo6&url=%2FKarl-Lagerfeld-Paris-Womens-Sneaker%2Fdp%2FB0BYBF33MF%2Fref%3Dsr_1_2_sspa%3Fdib%3DeyJ2IjoiMSJ9.upnvAfJjF8rAyzZ3rch6Cp2TnyJzRoB1TsScZdfAQ1JFzlybw-O-RxhI91mea45Bn4PUM2XqnYJmEJL2fHY5Jf61qlcStRqUOtR0Z_0BHm1CqoswLlhRsk0JNJsozTpqoL_3x8ygCGRBSQVGLbqKDgQRF3xn6_MSbR4iGwk4h24exZFeMvze0laPlPz9nRdsYNBjyG2iXvryU1XFLN-NBZZkU9T28hD2Kh8o-1VIkBvKGt1EHiXM7IMl07ml4HHc2KDbdeAT04QtjVIPNIDV5JP97sRtykl7vEjLYfMTOoc.XmlXS0NEzYydwr7fqHVpuYqASFes8py_DWRwz3vRRgs%26dib_tag%3Dse%26keywords%3Dsneakers%26qid%3D1722674261%26sr%3D8-2-spons%26sp_csd%3Dd2lkZ2V0TmFtZT1zcF9hdGY%26psc%3D1,4.0 out of 5 stars,$99.36,https://www.amazon.com/s?k=sneakers&page=1
Reebok Women's Club C Double Sneaker,/sspa/click?ie=UTF8&spc=MTo4MzY3Mjg0MDgzMDE1OTc0OjE3MjI2NzQyNjE6c3BfYXRmOjMwMDIyNTQxMTY0NjUwMjo6MDo6&url=%2FReebok-Womens-Double-Sneaker-Chalk%2Fdp%2FB08XR1BLMQ%2Fref%3Dsr_1_3_sspa%3Fdib%3DeyJ2IjoiMSJ9.upnvAfJjF8rAyzZ3rch6Cp2TnyJzRoB1TsScZdfAQ1JFzlybw-O-RxhI91mea45Bn4PUM2XqnYJmEJL2fHY5Jf61qlcStRqUOtR0Z_0BHm1CqoswLlhRsk0JNJsozTpqoL_3x8ygCGRBSQVGLbqKDgQRF3xn6_MSbR4iGwk4h24exZFeMvze0laPlPz9nRdsYNBjyG2iXvryU1XFLN-NBZZkU9T28hD2Kh8o-1VIkBvKGt1EHiXM7IMl07ml4HHc2KDbdeAT04QtjVIPNIDV5JP97sRtykl7vEjLYfMTOoc.XmlXS0NEzYydwr7fqHVpuYqASFes8py_DWRwz3vRRgs%26dib_tag%3Dse%26keywords%3Dsneakers%26qid%3D1722674261%26sr%3D8-3-spons%26sp_csd%3Dd2lkZ2V0TmFtZT1zcF9hdGY%26psc%3D1,4.6 out of 5 stars,$84.95,https://www.amazon.com/s?k=sneakers&page=1
Karl Lagerfeld Paris women's Cate Shoes – Sneakers Iconic Klp Pins,/sspa/click?ie=UTF8&spc=MTo4MzY3Mjg0MDgzMDE1OTc0OjE3MjI2NzQyNjE6c3BfYXRmOjMwMDI0ODIwNTg4NTgwMjo6MDo6&url=%2FKarl-Lagerfeld-Paris-Womens-Sneaker%2Fdp%2FB091VBFPK4%2Fref%3Dsr_1_4_sspa%3Fdib%3DeyJ2IjoiMSJ9.upnvAfJjF8rAyzZ3rch6Cp2TnyJzRoB1TsScZdfAQ1JFzlybw-O-RxhI91mea45Bn4PUM2XqnYJmEJL2fHY5Jf61qlcStRqUOtR0Z_0BHm1CqoswLlhRsk0JNJsozTpqoL_3x8ygCGRBSQVGLbqKDgQRF3xn6_MSbR4iGwk4h24exZFeMvze0laPlPz9nRdsYNBjyG2iXvryU1XFLN-NBZZkU9T28hD2Kh8o-1VIkBvKGt1EHiXM7IMl07ml4HHc2KDbdeAT04QtjVIPNIDV5JP97sRtykl7vEjLYfMTOoc.XmlXS0NEzYydwr7fqHVpuYqASFes8py_DWRwz3vRRgs%26dib_tag%3Dse%26keywords%3Dsneakers%26qid%3D1722674261%26sr%3D8-4-spons%26sp_csd%3Dd2lkZ2V0TmFtZT1zcF9hdGY%26psc%3D1,4.6 out of 5 stars,$139.00,https://www.amazon.com/s?k=sneakers&page=1
Reebok unisex-adult Court Advance Sneaker,/Reebok-Unisex-Advance-Sneaker-Vector/dp/B0BXFRGN13/ref=sr_1_5?dib=eyJ2IjoiMSJ9.upnvAfJjF8rAyzZ3rch6Cp2TnyJzRoB1TsScZdfAQ1JFzlybw-O-RxhI91mea45Bn4PUM2XqnYJmEJL2fHY5Jf61qlcStRqUOtR0Z_0BHm1CqoswLlhRsk0JNJsozTpqoL_3x8ygCGRBSQVGLbqKDgQRF3xn6_MSbR4iGwk4h24exZFeMvze0laPlPz9nRdsYNBjyG2iXvryU1XFLN-NBZZkU9T28hD2Kh8o-1VIkBvKGt1EHiXM7IMl07ml4HHc2KDbdeAT04QtjVIPNIDV5JP97sRtykl7vEjLYfMTOoc.XmlXS0NEzYydwr7fqHVpuYqASFes8py_DWRwz3vRRgs&dib_tag=se&keywords=sneakers&qid=1722674261&sr=8-5,4.5 out of 5 stars,$28.67,https://www.amazon.com/s?k=sneakers&page=1
Madden Girl women's Navida Sneaker,/Madden-Girl-Womens-Navida-Sneaker/dp/B0CCPQKGRT/ref=sr_1_6?dib=eyJ2IjoiMSJ9.upnvAfJjF8rAyzZ3rch6Cp2TnyJzRoB1TsScZdfAQ1JFzlybw-O-RxhI91mea45Bn4PUM2XqnYJmEJL2fHY5Jf61qlcStRqUOtR0Z_0BHm1CqoswLlhRsk0JNJsozTpqoL_3x8ygCGRBSQVGLbqKDgQRF3xn6_MSbR4iGwk4h24exZFeMvze0laPlPz9nRdsYNBjyG2iXvryU1XFLN-NBZZkU9T28hD2Kh8o-1VIkBvKGt1EHiXM7IMl07ml4HHc2KDbdeAT04QtjVIPNIDV5JP97sRtykl7vEjLYfMTOoc.XmlXS0NEzYydwr7fqHVpuYqASFes8py_DWRwz3vRRgs&dib_tag=se&keywords=sneakers&qid=1722674261&sr=8-6,4.2 out of 5 stars,$39.99,https://www.amazon.com/s?k=sneakers&page=1
Skechers Men's Afterburn M. Fit,/Skechers-AFTER-BURN-M-FIT-Lace-Up-Sneaker-Charcoal/dp/B00FZN224Y/ref=sr_1_7?dib=eyJ2IjoiMSJ9.upnvAfJjF8rAyzZ3rch6Cp2TnyJzRoB1TsScZdfAQ1JFzlybw-O-RxhI91mea45Bn4PUM2XqnYJmEJL2fHY5Jf61qlcStRqUOtR0Z_0BHm1CqoswLlhRsk0JNJsozTpqoL_3x8ygCGRBSQVGLbqKDgQRF3xn6_MSbR4iGwk4h24exZFeMvze0laPlPz9nRdsYNBjyG2iXvryU1XFLN-NBZZkU9T28hD2Kh8o-1VIkBvKGt1EHiXM7IMl07ml4HHc2KDbdeAT04QtjVIPNIDV5JP97sRtykl7vEjLYfMTOoc.XmlXS0NEzYydwr7fqHVpuYqASFes8py_DWRwz3vRRgs&dib_tag=se&keywords=sneakers&qid=1722674261&sr=8-7,4.4 out of 5 stars,$56.25,https://www.amazon.com/s?k=sneakers&page=1
Skechers Women's D'Lites Fresh Start Memory Foam Lace-up Sneaker Fashion,/Skechers-Womens-DLites-Lace-up-Sneaker/dp/B014GNJS22/ref=sr_1_8?dib=eyJ2IjoiMSJ9.upnvAfJjF8rAyzZ3rch6Cp2TnyJzRoB1TsScZdfAQ1JFzlybw-O-RxhI91mea45Bn4PUM2XqnYJmEJL2fHY5Jf61qlcStRqUOtR0Z_0BHm1CqoswLlhRsk0JNJsozTpqoL_3x8ygCGRBSQVGLbqKDgQRF3xn6_MSbR4iGwk4h24exZFeMvze0laPlPz9nRdsYNBjyG2iXvryU1XFLN-NBZZkU9T28hD2Kh8o-1VIkBvKGt1EHiXM7IMl07ml4HHc2KDbdeAT04QtjVIPNIDV5JP97sRtykl7vEjLYfMTOoc.XmlXS0NEzYydwr7fqHVpuYqASFes8py_DWRwz3vRRgs&dib_tag=se&keywords=sneakers&qid=1722674261&sr=8-8,4.6 out of 5 stars,$46.97,https://www.amazon.com/s?k=sneakers&page=1
Reebok Unisex-Adult Classic Leather Sneaker,/Reebok-Classic-Leather-Sneaker-Reefresh/dp/B093TSRMG6/ref=sr_1_9?dib=eyJ2IjoiMSJ9.upnvAfJjF8rAyzZ3rch6Cp2TnyJzRoB1TsScZdfAQ1JFzlybw-O-RxhI91mea45Bn4PUM2XqnYJmEJL2fHY5Jf61qlcStRqUOtR0Z_0BHm1CqoswLlhRsk0JNJsozTpqoL_3x8ygCGRBSQVGLbqKDgQRF3xn6_MSbR4iGwk4h24exZFeMvze0laPlPz9nRdsYNBjyG2iXvryU1XFLN-NBZZkU9T28hD2Kh8o-1VIkBvKGt1EHiXM7IMl07ml4HHc2KDbdeAT04QtjVIPNIDV5JP97sRtykl7vEjLYfMTOoc.XmlXS0NEzYydwr7fqHVpuYqASFes8py_DWRwz3vRRgs&dib_tag=se&keywords=sneakers&qid=1722674261&sr=8-9,4.5 out of 5 stars,$79.95,https://www.amazon.com/s?k=sneakers&page=1
Reebok Women's Club C 85 Vintage Shoe,/Reebok-Womens-Sneaker-Chalk-Alabaster/dp/B093WB7PZV/ref=sr_1_10?dib=eyJ2IjoiMSJ9.upnvAfJjF8rAyzZ3rch6Cp2TnyJzRoB1TsScZdfAQ1JFzlybw-O-RxhI91mea45Bn4PUM2XqnYJmEJL2fHY5Jf61qlcStRqUOtR0Z_0BHm1CqoswLlhRsk0JNJsozTpqoL_3x8ygCGRBSQVGLbqKDgQRF3xn6_MSbR4iGwk4h24exZFeMvze0laPlPz9nRdsYNBjyG2iXvryU1XFLN-NBZZkU9T28hD2Kh8o-1VIkBvKGt1EHiXM7IMl07ml4HHc2KDbdeAT04QtjVIPNIDV5JP97sRtykl7vEjLYfMTOoc.XmlXS0NEzYydwr7fqHVpuYqASFes8py_DWRwz3vRRgs&dib_tag=se&keywords=sneakers&qid=1722674261&sr=8-10,4.6 out of 5 stars,$60.00,https://www.amazon.com/s?k=sneakers&page=1
Skechers Women's Bobs B Cute Shoe,/Skechers-BOBS-Womens-Sneaker-White/dp/B07NJPR9P9/ref=sr_1_11?dib=eyJ2IjoiMSJ9.upnvAfJjF8rAyzZ3rch6Cp2TnyJzRoB1TsScZdfAQ1JFzlybw-O-RxhI91mea45Bn4PUM2XqnYJmEJL2fHY5Jf61qlcStRqUOtR0Z_0BHm1CqoswLlhRsk0JNJsozTpqoL_3x8ygCGRBSQVGLbqKDgQRF3xn6_MSbR4iGwk4h24exZFeMvze0laPlPz9nRdsYNBjyG2iXvryU1XFLN-NBZZkU9T28hD2Kh8o-1VIkBvKGt1EHiXM7IMl07ml4HHc2KDbdeAT04QtjVIPNIDV5JP97sRtykl7vEjLYfMTOoc.XmlXS0NEzYydwr7fqHVpuYqASFes8py_DWRwz3vRRgs&dib_tag=se&keywords=sneakers&qid=1722674261&sr=8-11,4.5 out of 5 stars,$34.95,https://www.amazon.com/s?k=sneakers&page=1
Madden Girl Women's Giia Sneaker,/Madden-Girl-Womens-Sneaker-Multi/dp/B0CGY43VM6/ref=sr_1_12?dib=eyJ2IjoiMSJ9.upnvAfJjF8rAyzZ3rch6Cp2TnyJzRoB1TsScZdfAQ1JFzlybw-O-RxhI91mea45Bn4PUM2XqnYJmEJL2fHY5Jf61qlcStRqUOtR0Z_0BHm1CqoswLlhRsk0JNJsozTpqoL_3x8ygCGRBSQVGLbqKDgQRF3xn6_MSbR4iGwk4h24exZFeMvze0laPlPz9nRdsYNBjyG2iXvryU1XFLN-NBZZkU9T28hD2Kh8o-1VIkBvKGt1EHiXM7IMl07ml4HHc2KDbdeAT04QtjVIPNIDV5JP97sRtykl7vEjLYfMTOoc.XmlXS0NEzYydwr7fqHVpuYqASFes8py_DWRwz3vRRgs&dib_tag=se&keywords=sneakers&qid=1722674261&sr=8-12,4.1 out of 5 stars,$49.00,https://www.amazon.com/s?k=sneakers&page=1
ASICS Women's Gel-Contend 8 Running Shoes,/ASICS-Gel-Contend-Running-Piedmont-Frosted/dp/B09WC37VWS/ref=sr_1_13?dib=eyJ2IjoiMSJ9.upnvAfJjF8rAyzZ3rch6Cp2TnyJzRoB1TsScZdfAQ1JFzlybw-O-RxhI91mea45Bn4PUM2XqnYJmEJL2fHY5Jf61qlcStRqUOtR0Z_0BHm1CqoswLlhRsk0JNJsozTpqoL_3x8ygCGRBSQVGLbqKDgQRF3xn6_MSbR4iGwk4h24exZFeMvze0laPlPz9nRdsYNBjyG2iXvryU1XFLN-NBZZkU9T28hD2Kh8o-1VIkBvKGt1EHiXM7IMl07ml4HHc2KDbdeAT04QtjVIPNIDV5JP97sRtykl7vEjLYfMTOoc.XmlXS0NEzYydwr7fqHVpuYqASFes8py_DWRwz3vRRgs&dib_tag=se&keywords=sneakers&qid=1722674261&sr=8-13,4.5 out of 5 stars,$54.95,https://www.amazon.com/s?k=sneakers&page=1
Reebok Women's Club C 85 Vintage Shoe,/sspa/click?ie=UTF8&spc=MTo4MzY3Mjg0MDgzMDE1OTc0OjE3MjI2NzQyNjE6c3BfbXRmOjMwMDMwMDU0ODc3NTAwMjo6MDo6&url=%2FReebok-Womens-Sneaker-Chalk-Alabaster%2Fdp%2FB093TYSZ6C%2Fref%3Dsr_1_14_sspa%3Fdib%3DeyJ2IjoiMSJ9.upnvAfJjF8rAyzZ3rch6Cp2TnyJzRoB1TsScZdfAQ1JFzlybw-O-RxhI91mea45Bn4PUM2XqnYJmEJL2fHY5Jf61qlcStRqUOtR0Z_0BHm1CqoswLlhRsk0JNJsozTpqoL_3x8ygCGRBSQVGLbqKDgQRF3xn6_MSbR4iGwk4h24exZFeMvze0laPlPz9nRdsYNBjyG2iXvryU1XFLN-NBZZkU9T28hD2Kh8o-1VIkBvKGt1EHiXM7IMl07ml4HHc2KDbdeAT04QtjVIPNIDV5JP97sRtykl7vEjLYfMTOoc.XmlXS0NEzYydwr7fqHVpuYqASFes8py_DWRwz3vRRgs%26dib_tag%3Dse%26keywords%3Dsneakers%26qid%3D1722674261%26sr%3D8-14-spons%26sp_csd%3Dd2lkZ2V0TmFtZT1zcF9tdGY%26psc%3D1,4.6 out of 5 stars,$60.00,https://www.amazon.com/s?k=sneakers&page=1
Reebok Women's Club C Extra Sneaker,/sspa/click?ie=UTF8&spc=MTo4MzY3Mjg0MDgzMDE1OTc0OjE3MjI2NzQyNjE6c3BfbXRmOjMwMDIyNTQxMTY0NjgwMjo6MDo6&url=%2FReebok-Womens-Extra-Sneaker-Chalk%2Fdp%2FB09Z73K77H%2Fref%3Dsr_1_15_sspa%3Fdib%3DeyJ2IjoiMSJ9.upnvAfJjF8rAyzZ3rch6Cp2TnyJzRoB1TsScZdfAQ1JFzlybw-O-RxhI91mea45Bn4PUM2XqnYJmEJL2fHY5Jf61qlcStRqUOtR0Z_0BHm1CqoswLlhRsk0JNJsozTpqoL_3x8ygCGRBSQVGLbqKDgQRF3xn6_MSbR4iGwk4h24exZFeMvze0laPlPz9nRdsYNBjyG2iXvryU1XFLN-NBZZkU9T28hD2Kh8o-1VIkBvKGt1EHiXM7IMl07ml4HHc2KDbdeAT04QtjVIPNIDV5JP97sRtykl7vEjLYfMTOoc.XmlXS0NEzYydwr7fqHVpuYqASFes8py_DWRwz3vRRgs%26dib_tag%3Dse%26keywords%3Dsneakers%26qid%3D1722674261%26sr%3D8-15-spons%26sp_csd%3Dd2lkZ2V0TmFtZT1zcF9tdGY%26psc%3D1,4.6 out of 5 stars,$89.95,https://www.amazon.com/s?k=sneakers&page=1
Under Armour Men's Charged Assert 10,/Under-Armour-Charged-Assert-Running/dp/B09XBW71RQ/ref=sr_1_16?dib=eyJ2IjoiMSJ9.upnvAfJjF8rAyzZ3rch6Cp2TnyJzRoB1TsScZdfAQ1JFzlybw-O-RxhI91mea45Bn4PUM2XqnYJmEJL2fHY5Jf61qlcStRqUOtR0Z_0BHm1CqoswLlhRsk0JNJsozTpqoL_3x8ygCGRBSQVGLbqKDgQRF3xn6_MSbR4iGwk4h24exZFeMvze0laPlPz9nRdsYNBjyG2iXvryU1XFLN-NBZZkU9T28hD2Kh8o-1VIkBvKGt1EHiXM7IMl07ml4HHc2KDbdeAT04QtjVIPNIDV5JP97sRtykl7vEjLYfMTOoc.XmlXS0NEzYydwr7fqHVpuYqASFes8py_DWRwz3vRRgs&dib_tag=se&keywords=sneakers&qid=1722674261&sr=8-16,4.5 out of 5 stars,$56.25,https://www.amazon.com/s?k=sneakers&page=1
New Balance Men's 608 V5 Casual Comfort Cross Trainer,/New-Balance-Casual-Comfort-Trainer/dp/B07B41G96T/ref=sr_1_17?dib=eyJ2IjoiMSJ9.upnvAfJjF8rAyzZ3rch6Cp2TnyJzRoB1TsScZdfAQ1JFzlybw-O-RxhI91mea45Bn4PUM2XqnYJmEJL2fHY5Jf61qlcStRqUOtR0Z_0BHm1CqoswLlhRsk0JNJsozTpqoL_3x8ygCGRBSQVGLbqKDgQRF3xn6_MSbR4iGwk4h24exZFeMvze0laPlPz9nRdsYNBjyG2iXvryU1XFLN-NBZZkU9T28hD2Kh8o-1VIkBvKGt1EHiXM7IMl07ml4HHc2KDbdeAT04QtjVIPNIDV5JP97sRtykl7vEjLYfMTOoc.XmlXS0NEzYydwr7fqHVpuYqASFes8py_DWRwz3vRRgs&dib_tag=se&keywords=sneakers&qid=1722674261&sr=8-17,4.6 out of 5 stars,$69.99,https://www.amazon.com/s?k=sneakers&page=1
Reebok Women's Court Advance Sneaker,/Reebok-Unisex-Court-Advance-Sneaker/dp/B0BXFR5WZR/ref=sr_1_18?dib=eyJ2IjoiMSJ9.upnvAfJjF8rAyzZ3rch6Cp2TnyJzRoB1TsScZdfAQ1JFzlybw-O-RxhI91mea45Bn4PUM2XqnYJmEJL2fHY5Jf61qlcStRqUOtR0Z_0BHm1CqoswLlhRsk0JNJsozTpqoL_3x8ygCGRBSQVGLbqKDgQRF3xn6_MSbR4iGwk4h24exZFeMvze0laPlPz9nRdsYNBjyG2iXvryU1XFLN-NBZZkU9T28hD2Kh8o-1VIkBvKGt1EHiXM7IMl07ml4HHc2KDbdeAT04QtjVIPNIDV5JP97sRtykl7vEjLYfMTOoc.XmlXS0NEzYydwr7fqHVpuYqASFes8py_DWRwz3vRRgs&dib_tag=se&keywords=sneakers&qid=1722674261&sr=8-18,4.4 out of 5 stars,$45.50,https://www.amazon.com/s?k=sneakers&page=1
Skechers Women's Uno- Stand On Air Sneaker,/Skechers-womens-Skecher-Street-Womens/dp/B08HBY4ZJP/ref=sr_1_19?dib=eyJ2IjoiMSJ9.upnvAfJjF8rAyzZ3rch6Cp2TnyJzRoB1TsScZdfAQ1JFzlybw-O-RxhI91mea45Bn4PUM2XqnYJmEJL2fHY5Jf61qlcStRqUOtR0Z_0BHm1CqoswLlhRsk0JNJsozTpqoL_3x8ygCGRBSQVGLbqKDgQRF3xn6_MSbR4iGwk4h24exZFeMvze0laPlPz9nRdsYNBjyG2iXvryU1XFLN-NBZZkU9T28hD2Kh8o-1VIkBvKGt1EHiXM7IMl07ml4HHc2KDbdeAT04QtjVIPNIDV5JP97sRtykl7vEjLYfMTOoc.XmlXS0NEzYydwr7fqHVpuYqASFes8py_DWRwz3vRRgs&dib_tag=se&keywords=sneakers&qid=1722674261&sr=8-19,4.4 out of 5 stars,$53.95,https://www.amazon.com/s?k=sneakers&page=1
Steve Madden Women's Glacer Sneaker,/sspa/click?ie=UTF8&spc=MTo4MzY3Mjg0MDgzMDE1OTc0OjE3MjI2NzQyNjE6c3BfbXRmOjMwMDEzNTUyNzkwNjcwMjo6MDo6&url=%2FSteve-Madden-Womens-Glacer-Sneaker%2Fdp%2FB0CJKJJHQS%2Fref%3Dsr_1_20_sspa%3Fdib%3DeyJ2IjoiMSJ9.upnvAfJjF8rAyzZ3rch6Cp2TnyJzRoB1TsScZdfAQ1JFzlybw-O-RxhI91mea45Bn4PUM2XqnYJmEJL2fHY5Jf61qlcStRqUOtR0Z_0BHm1CqoswLlhRsk0JNJsozTpqoL_3x8ygCGRBSQVGLbqKDgQRF3xn6_MSbR4iGwk4h24exZFeMvze0laPlPz9nRdsYNBjyG2iXvryU1XFLN-NBZZkU9T28hD2Kh8o-1VIkBvKGt1EHiXM7IMl07ml4HHc2KDbdeAT04QtjVIPNIDV5JP97sRtykl7vEjLYfMTOoc.XmlXS0NEzYydwr7fqHVpuYqASFes8py_DWRwz3vRRgs%26dib_tag%3Dse%26keywords%3Dsneakers%26qid%3D1722674261%26sr%3D8-20-spons%26sp_csd%3Dd2lkZ2V0TmFtZT1zcF9tdGY%26psc%3D1,4.2 out of 5 stars,$79.95,https://www.amazon.com/s?k=sneakers&page=1
Lugz Women's Clipper Classic Slip-on Fashion Sneaker,/sspa/click?ie=UTF8&spc=MTo4MzY3Mjg0MDgzMDE1OTc0OjE3MjI2NzQyNjE6c3BfbXRmOjMwMDMyODA3ODc1MDEwMjo6MDo6&url=%2FLugz-Womens-Clipper-Sneaker-White%2Fdp%2FB07CPJR6NY%2Fref%3Dsr_1_21_sspa%3Fdib%3DeyJ2IjoiMSJ9.upnvAfJjF8rAyzZ3rch6Cp2TnyJzRoB1TsScZdfAQ1JFzlybw-O-RxhI91mea45Bn4PUM2XqnYJmEJL2fHY5Jf61qlcStRqUOtR0Z_0BHm1CqoswLlhRsk0JNJsozTpqoL_3x8ygCGRBSQVGLbqKDgQRF3xn6_MSbR4iGwk4h24exZFeMvze0laPlPz9nRdsYNBjyG2iXvryU1XFLN-NBZZkU9T28hD2Kh8o-1VIkBvKGt1EHiXM7IMl07ml4HHc2KDbdeAT04QtjVIPNIDV5JP97sRtykl7vEjLYfMTOoc.XmlXS0NEzYydwr7fqHVpuYqASFes8py_DWRwz3vRRgs%26dib_tag%3Dse%26keywords%3Dsneakers%26qid%3D1722674261%26sr%3D8-21-spons%26sp_csd%3Dd2lkZ2V0TmFtZT1zcF9tdGY%26psc%3D1,4.2 out of 5 stars,$34.99,https://www.amazon.com/s?k=sneakers&page=1
Steve Madden Women's Duo Sneaker,/sspa/click?ie=UTF8&spc=MTo4MzY3Mjg0MDgzMDE1OTc0OjE3MjI2NzQyNjE6c3BfbXRmOjMwMDEzNTUyNzkwNjMwMjo6MDo6&url=%2FSteve-Madden-Womens-Sneaker-White%2Fdp%2FB0CHLKY2FT%2Fref%3Dsr_1_22_sspa%3Fdib%3DeyJ2IjoiMSJ9.upnvAfJjF8rAyzZ3rch6Cp2TnyJzRoB1TsScZdfAQ1JFzlybw-O-RxhI91mea45Bn4PUM2XqnYJmEJL2fHY5Jf61qlcStRqUOtR0Z_0BHm1CqoswLlhRsk0JNJsozTpqoL_3x8ygCGRBSQVGLbqKDgQRF3xn6_MSbR4iGwk4h24exZFeMvze0laPlPz9nRdsYNBjyG2iXvryU1XFLN-NBZZkU9T28hD2Kh8o-1VIkBvKGt1EHiXM7IMl07ml4HHc2KDbdeAT04QtjVIPNIDV5JP97sRtykl7vEjLYfMTOoc.XmlXS0NEzYydwr7fqHVpuYqASFes8py_DWRwz3vRRgs%26dib_tag%3Dse%26keywords%3Dsneakers%26qid%3D1722674261%26sr%3D8-22-spons%26sp_csd%3Dd2lkZ2V0TmFtZT1zcF9tdGY%26psc%3D1,4.5 out of 5 stars,$59.00,https://www.amazon.com/s?k=sneakers&page=1
Roxy women's Sheilahh 2.0 Loafer Flat,/sspa/click?ie=UTF8&spc=MTo4MzY3Mjg0MDgzMDE1OTc0OjE3MjI2NzQyNjE6c3BfbXRmOjMwMDE3MDQ5NjQyNTgwMjo6MDo6&url=%2FRoxy-Womens-Sheilahh-Platform-Sneaker%2Fdp%2FB081V1JFWL%2Fref%3Dsr_1_23_sspa%3Fdib%3DeyJ2IjoiMSJ9.upnvAfJjF8rAyzZ3rch6Cp2TnyJzRoB1TsScZdfAQ1JFzlybw-O-RxhI91mea45Bn4PUM2XqnYJmEJL2fHY5Jf61qlcStRqUOtR0Z_0BHm1CqoswLlhRsk0JNJsozTpqoL_3x8ygCGRBSQVGLbqKDgQRF3xn6_MSbR4iGwk4h24exZFeMvze0laPlPz9nRdsYNBjyG2iXvryU1XFLN-NBZZkU9T28hD2Kh8o-1VIkBvKGt1EHiXM7IMl07ml4HHc2KDbdeAT04QtjVIPNIDV5JP97sRtykl7vEjLYfMTOoc.XmlXS0NEzYydwr7fqHVpuYqASFes8py_DWRwz3vRRgs%26dib_tag%3Dse%26keywords%3Dsneakers%26qid%3D1722674261%26sr%3D8-23-spons%26sp_csd%3Dd2lkZ2V0TmFtZT1zcF9tdGY%26psc%3D1,4.2 out of 5 stars,$50.52,https://www.amazon.com/s?k=sneakers&page=1
GUESS women's Loven Sneaker,/GUESS-Womens-Loven-Sneaker-White/dp/B08DXRDBTF/ref=sr_1_24?dib=eyJ2IjoiMSJ9.upnvAfJjF8rAyzZ3rch6Cp2TnyJzRoB1TsScZdfAQ1JFzlybw-O-RxhI91mea45Bn4PUM2XqnYJmEJL2fHY5Jf61qlcStRqUOtR0Z_0BHm1CqoswLlhRsk0JNJsozTpqoL_3x8ygCGRBSQVGLbqKDgQRF3xn6_MSbR4iGwk4h24exZFeMvze0laPlPz9nRdsYNBjyG2iXvryU1XFLN-NBZZkU9T28hD2Kh8o-1VIkBvKGt1EHiXM7IMl07ml4HHc2KDbdeAT04QtjVIPNIDV5JP97sRtykl7vEjLYfMTOoc.XmlXS0NEzYydwr7fqHVpuYqASFes8py_DWRwz3vRRgs&dib_tag=se&keywords=sneakers&qid=1722674261&sr=8-24,4.6 out of 5 stars,$35.99,https://www.amazon.com/s?k=sneakers&page=1
Skechers Women's Summits Sneaker,/Skechers-womens-Summits-Sneaker-Black/dp/B076TBMP2B/ref=sr_1_25?dib=eyJ2IjoiMSJ9.upnvAfJjF8rAyzZ3rch6Cp2TnyJzRoB1TsScZdfAQ1JFzlybw-O-RxhI91mea45Bn4PUM2XqnYJmEJL2fHY5Jf61qlcStRqUOtR0Z_0BHm1CqoswLlhRsk0JNJsozTpqoL_3x8ygCGRBSQVGLbqKDgQRF3xn6_MSbR4iGwk4h24exZFeMvze0laPlPz9nRdsYNBjyG2iXvryU1XFLN-NBZZkU9T28hD2Kh8o-1VIkBvKGt1EHiXM7IMl07ml4HHc2KDbdeAT04QtjVIPNIDV5JP97sRtykl7vEjLYfMTOoc.XmlXS0NEzYydwr7fqHVpuYqASFes8py_DWRwz3vRRgs&dib_tag=se&keywords=sneakers&qid=1722674261&sr=8-25,4.5 out of 5 stars,$38.62,https://www.amazon.com/s?k=sneakers&page=1
Rocket Dog Women's Cheery Plush Foam Comfort Sneaker,/Rocket-Dog-Womens-Cheery-Sneaker/dp/B08X6FTC9Q/ref=sr_1_26?dib=eyJ2IjoiMSJ9.upnvAfJjF8rAyzZ3rch6Cp2TnyJzRoB1TsScZdfAQ1JFzlybw-O-RxhI91mea45Bn4PUM2XqnYJmEJL2fHY5Jf61qlcStRqUOtR0Z_0BHm1CqoswLlhRsk0JNJsozTpqoL_3x8ygCGRBSQVGLbqKDgQRF3xn6_MSbR4iGwk4h24exZFeMvze0laPlPz9nRdsYNBjyG2iXvryU1XFLN-NBZZkU9T28hD2Kh8o-1VIkBvKGt1EHiXM7IMl07ml4HHc2KDbdeAT04QtjVIPNIDV5JP97sRtykl7vEjLYfMTOoc.XmlXS0NEzYydwr7fqHVpuYqASFes8py_DWRwz3vRRgs&dib_tag=se&keywords=sneakers&qid=1722674261&sr=8-26,4.3 out of 5 stars,$29.98,https://www.amazon.com/s?k=sneakers&page=1
Keds women's Champion Leather Lace Up Sneaker,/Keds-Womens-Core-Sneaker-White/dp/B000ER7BHY/ref=sr_1_27?dib=eyJ2IjoiMSJ9.upnvAfJjF8rAyzZ3rch6Cp2TnyJzRoB1TsScZdfAQ1JFzlybw-O-RxhI91mea45Bn4PUM2XqnYJmEJL2fHY5Jf61qlcStRqUOtR0Z_0BHm1CqoswLlhRsk0JNJsozTpqoL_3x8ygCGRBSQVGLbqKDgQRF3xn6_MSbR4iGwk4h24exZFeMvze0laPlPz9nRdsYNBjyG2iXvryU1XFLN-NBZZkU9T28hD2Kh8o-1VIkBvKGt1EHiXM7IMl07ml4HHc2KDbdeAT04QtjVIPNIDV5JP97sRtykl7vEjLYfMTOoc.XmlXS0NEzYydwr7fqHVpuYqASFes8py_DWRwz3vRRgs&dib_tag=se&keywords=sneakers&qid=1722674261&sr=8-27,4.5 out of 5 stars,$43.99,https://www.amazon.com/s?k=sneakers&page=1
Dolce Vita Women's Zina Sneaker,/sspa/click?ie=UTF8&spc=MTo4MzY3Mjg0MDgzMDE1OTc0OjE3MjI2NzQyNjE6c3BfbXRmOjMwMDEzMDEzNTU0NzkwMjo6MDo6&url=%2FDolce-Vita-Womens-Sneaker-Leather%2Fdp%2FB0B23G3F18%2Fref%3Dsr_1_28_sspa%3Fdib%3DeyJ2IjoiMSJ9.upnvAfJjF8rAyzZ3rch6Cp2TnyJzRoB1TsScZdfAQ1JFzlybw-O-RxhI91mea45Bn4PUM2XqnYJmEJL2fHY5Jf61qlcStRqUOtR0Z_0BHm1CqoswLlhRsk0JNJsozTpqoL_3x8ygCGRBSQVGLbqKDgQRF3xn6_MSbR4iGwk4h24exZFeMvze0laPlPz9nRdsYNBjyG2iXvryU1XFLN-NBZZkU9T28hD2Kh8o-1VIkBvKGt1EHiXM7IMl07ml4HHc2KDbdeAT04QtjVIPNIDV5JP97sRtykl7vEjLYfMTOoc.XmlXS0NEzYydwr7fqHVpuYqASFes8py_DWRwz3vRRgs%26dib_tag%3Dse%26keywords%3Dsneakers%26qid%3D1722674261%26sr%3D8-28-spons%26sp_csd%3Dd2lkZ2V0TmFtZT1zcF9tdGY%26psc%3D1,4.2 out of 5 stars,$63.80,https://www.amazon.com/s?k=sneakers&page=1
Dolce Vita Women's Dolen Sneaker,/sspa/click?ie=UTF8&spc=MTo4MzY3Mjg0MDgzMDE1OTc0OjE3MjI2NzQyNjE6c3BfbXRmOjMwMDEzMDEzNTU0NzYwMjo6MDo6&url=%2FDolce-Vita-DOLEN-Sneaker-Leather%2Fdp%2FB0CGMGZYNP%2Fref%3Dsr_1_29_sspa%3Fdib%3DeyJ2IjoiMSJ9.upnvAfJjF8rAyzZ3rch6Cp2TnyJzRoB1TsScZdfAQ1JFzlybw-O-RxhI91mea45Bn4PUM2XqnYJmEJL2fHY5Jf61qlcStRqUOtR0Z_0BHm1CqoswLlhRsk0JNJsozTpqoL_3x8ygCGRBSQVGLbqKDgQRF3xn6_MSbR4iGwk4h24exZFeMvze0laPlPz9nRdsYNBjyG2iXvryU1XFLN-NBZZkU9T28hD2Kh8o-1VIkBvKGt1EHiXM7IMl07ml4HHc2KDbdeAT04QtjVIPNIDV5JP97sRtykl7vEjLYfMTOoc.XmlXS0NEzYydwr7fqHVpuYqASFes8py_DWRwz3vRRgs%26dib_tag%3Dse%26keywords%3Dsneakers%26qid%3D1722674261%26sr%3D8-29-spons%26sp_csd%3Dd2lkZ2V0TmFtZT1zcF9tdGY%26psc%3D1,4.3 out of 5 stars,$99.90,https://www.amazon.com/s?k=sneakers&page=1
Brooks Women's Adrenaline GTS 22 Supportive Running Shoe,/Brooks-Adrenaline-Womens-Supportive-Running/dp/B08QTNPY7K/ref=sr_1_30?dib=eyJ2IjoiMSJ9.upnvAfJjF8rAyzZ3rch6Cp2TnyJzRoB1TsScZdfAQ1JFzlybw-O-RxhI91mea45Bn4PUM2XqnYJmEJL2fHY5Jf61qlcStRqUOtR0Z_0BHm1CqoswLlhRsk0JNJsozTpqoL_3x8ygCGRBSQVGLbqKDgQRF3xn6_MSbR4iGwk4h24exZFeMvze0laPlPz9nRdsYNBjyG2iXvryU1XFLN-NBZZkU9T28hD2Kh8o-1VIkBvKGt1EHiXM7IMl07ml4HHc2KDbdeAT04QtjVIPNIDV5JP97sRtykl7vEjLYfMTOoc.XmlXS0NEzYydwr7fqHVpuYqASFes8py_DWRwz3vRRgs&dib_tag=se&keywords=sneakers&qid=1722674261&sr=8-30,4.5 out of 5 stars,$84.95,https://www.amazon.com/s?k=sneakers&page=1
Reebok Women's Classic Leather Sneaker,/Reebok-Classic-Leather-Sneaker-Reefresh/dp/B092YWBZ4F/ref=sr_1_31?dib=eyJ2IjoiMSJ9.upnvAfJjF8rAyzZ3rch6Cp2TnyJzRoB1TsScZdfAQ1JFzlybw-O-RxhI91mea45Bn4PUM2XqnYJmEJL2fHY5Jf61qlcStRqUOtR0Z_0BHm1CqoswLlhRsk0JNJsozTpqoL_3x8ygCGRBSQVGLbqKDgQRF3xn6_MSbR4iGwk4h24exZFeMvze0laPlPz9nRdsYNBjyG2iXvryU1XFLN-NBZZkU9T28hD2Kh8o-1VIkBvKGt1EHiXM7IMl07ml4HHc2KDbdeAT04QtjVIPNIDV5JP97sRtykl7vEjLYfMTOoc.XmlXS0NEzYydwr7fqHVpuYqASFes8py_DWRwz3vRRgs&dib_tag=se&keywords=sneakers&qid=1722674261&sr=8-31,4.5 out of 5 stars,$59.98,https://www.amazon.com/s?k=sneakers&page=1
On Women's Cloud 5 Sneakers,/Womens-Cloud-Running-Shoes-Black/dp/B098NL1RKQ/ref=sr_1_32?dib=eyJ2IjoiMSJ9.upnvAfJjF8rAyzZ3rch6Cp2TnyJzRoB1TsScZdfAQ1JFzlybw-O-RxhI91mea45Bn4PUM2XqnYJmEJL2fHY5Jf61qlcStRqUOtR0Z_0BHm1CqoswLlhRsk0JNJsozTpqoL_3x8ygCGRBSQVGLbqKDgQRF3xn6_MSbR4iGwk4h24exZFeMvze0laPlPz9nRdsYNBjyG2iXvryU1XFLN-NBZZkU9T28hD2Kh8o-1VIkBvKGt1EHiXM7IMl07ml4HHc2KDbdeAT04QtjVIPNIDV5JP97sRtykl7vEjLYfMTOoc.XmlXS0NEzYydwr7fqHVpuYqASFes8py_DWRwz3vRRgs&dib_tag=se&keywords=sneakers&qid=1722674261&sr=8-32,4.3 out of 5 stars,,https://www.amazon.com/s?k=sneakers&page=1
Reebok Men's BB4500 Hi 2 Sneaker,/Reebok-Royal-BB4500H2-Walking-Black/dp/B07B4S94W5/ref=sr_1_33?dib=eyJ2IjoiMSJ9.upnvAfJjF8rAyzZ3rch6Cp2TnyJzRoB1TsScZdfAQ1JFzlybw-O-RxhI91mea45Bn4PUM2XqnYJmEJL2fHY5Jf61qlcStRqUOtR0Z_0BHm1CqoswLlhRsk0JNJsozTpqoL_3x8ygCGRBSQVGLbqKDgQRF3xn6_MSbR4iGwk4h24exZFeMvze0laPlPz9nRdsYNBjyG2iXvryU1XFLN-NBZZkU9T28hD2Kh8o-1VIkBvKGt1EHiXM7IMl07ml4HHc2KDbdeAT04QtjVIPNIDV5JP97sRtykl7vEjLYfMTOoc.XmlXS0NEzYydwr7fqHVpuYqASFes8py_DWRwz3vRRgs&dib_tag=se&keywords=sneakers&qid=1722674261&sr=8-33,4.5 out of 5 stars,$56.00,https://www.amazon.com/s?k=sneakers&page=1
Steve Madden Womens Possession Shoes,/Steve-Madden-Womens-Possession-Sneaker/dp/B09GWCJVW5/ref=sr_1_34?dib=eyJ2IjoiMSJ9.upnvAfJjF8rAyzZ3rch6Cp2TnyJzRoB1TsScZdfAQ1JFzlybw-O-RxhI91mea45Bn4PUM2XqnYJmEJL2fHY5Jf61qlcStRqUOtR0Z_0BHm1CqoswLlhRsk0JNJsozTpqoL_3x8ygCGRBSQVGLbqKDgQRF3xn6_MSbR4iGwk4h24exZFeMvze0laPlPz9nRdsYNBjyG2iXvryU1XFLN-NBZZkU9T28hD2Kh8o-1VIkBvKGt1EHiXM7IMl07ml4HHc2KDbdeAT04QtjVIPNIDV5JP97sRtykl7vEjLYfMTOoc.XmlXS0NEzYydwr7fqHVpuYqASFes8py_DWRwz3vRRgs&dib_tag=se&keywords=sneakers&qid=1722674261&sr=8-34,4.4 out of 5 stars,$69.98,https://www.amazon.com/s?k=sneakers&page=1
Skechers Mens Go Walk Flex Remark,/Skechers-Mens-Flex-Remark-Sneaker-Black/dp/B0CFN8YMH7/ref=sr_1_35?dib=eyJ2IjoiMSJ9.upnvAfJjF8rAyzZ3rch6Cp2TnyJzRoB1TsScZdfAQ1JFzlybw-O-RxhI91mea45Bn4PUM2XqnYJmEJL2fHY5Jf61qlcStRqUOtR0Z_0BHm1CqoswLlhRsk0JNJsozTpqoL_3x8ygCGRBSQVGLbqKDgQRF3xn6_MSbR4iGwk4h24exZFeMvze0laPlPz9nRdsYNBjyG2iXvryU1XFLN-NBZZkU9T28hD2Kh8o-1VIkBvKGt1EHiXM7IMl07ml4HHc2KDbdeAT04QtjVIPNIDV5JP97sRtykl7vEjLYfMTOoc.XmlXS0NEzYydwr7fqHVpuYqASFes8py_DWRwz3vRRgs&dib_tag=se&keywords=sneakers&qid=1722674261&sr=8-35,4.7 out of 5 stars,$68.00,https://www.amazon.com/s?k=sneakers&page=1
Skechers Men's Summits High Range Hands Free Slip-in Sneaker,/Skechers-Summits-Range-Loafer-Charcoal/dp/B0BX3MJ5N9/ref=sr_1_36?dib=eyJ2IjoiMSJ9.upnvAfJjF8rAyzZ3rch6Cp2TnyJzRoB1TsScZdfAQ1JFzlybw-O-RxhI91mea45Bn4PUM2XqnYJmEJL2fHY5Jf61qlcStRqUOtR0Z_0BHm1CqoswLlhRsk0JNJsozTpqoL_3x8ygCGRBSQVGLbqKDgQRF3xn6_MSbR4iGwk4h24exZFeMvze0laPlPz9nRdsYNBjyG2iXvryU1XFLN-NBZZkU9T28hD2Kh8o-1VIkBvKGt1EHiXM7IMl07ml4HHc2KDbdeAT04QtjVIPNIDV5JP97sRtykl7vEjLYfMTOoc.XmlXS0NEzYydwr7fqHVpuYqASFes8py_DWRwz3vRRgs&dib_tag=se&keywords=sneakers&qid=1722674261&sr=8-36,4.6 out of 5 stars,$56.25,https://www.amazon.com/s?k=sneakers&page=1
adidas Men's Stan Smith Shoes,/adidas-Originals-Smith-Sneaker-White/dp/B087DYKS61/ref=sr_1_37?dib=eyJ2IjoiMSJ9.upnvAfJjF8rAyzZ3rch6Cp2TnyJzRoB1TsScZdfAQ1JFzlybw-O-RxhI91mea45Bn4PUM2XqnYJmEJL2fHY5Jf61qlcStRqUOtR0Z_0BHm1CqoswLlhRsk0JNJsozTpqoL_3x8ygCGRBSQVGLbqKDgQRF3xn6_MSbR4iGwk4h24exZFeMvze0laPlPz9nRdsYNBjyG2iXvryU1XFLN-NBZZkU9T28hD2Kh8o-1VIkBvKGt1EHiXM7IMl07ml4HHc2KDbdeAT04QtjVIPNIDV5JP97sRtykl7vEjLYfMTOoc.XmlXS0NEzYydwr7fqHVpuYqASFes8py_DWRwz3vRRgs&dib_tag=se&keywords=sneakers&qid=1722674261&sr=8-37,4.6 out of 5 stars,,https://www.amazon.com/s?k=sneakers&page=1
PUMA womens Club 5v5 Sneaker,/PUMA-Womens-Club-Sneaker-White-Whisp/dp/B0CLQ8LBG6/ref=sr_1_38?dib=eyJ2IjoiMSJ9.upnvAfJjF8rAyzZ3rch6Cp2TnyJzRoB1TsScZdfAQ1JFzlybw-O-RxhI91mea45Bn4PUM2XqnYJmEJL2fHY5Jf61qlcStRqUOtR0Z_0BHm1CqoswLlhRsk0JNJsozTpqoL_3x8ygCGRBSQVGLbqKDgQRF3xn6_MSbR4iGwk4h24exZFeMvze0laPlPz9nRdsYNBjyG2iXvryU1XFLN-NBZZkU9T28hD2Kh8o-1VIkBvKGt1EHiXM7IMl07ml4HHc2KDbdeAT04QtjVIPNIDV5JP97sRtykl7vEjLYfMTOoc.XmlXS0NEzYydwr7fqHVpuYqASFes8py_DWRwz3vRRgs&dib_tag=se&keywords=sneakers&qid=1722674261&sr=8-38,4.4 out of 5 stars,$52.50,https://www.amazon.com/s?k=sneakers&page=1
Fila Women's Disruptor II Premium Comfortable Sneakers,/Fila-Womens-Disruptor-Premium-Sneakers/dp/B07444854P/ref=sr_1_39?dib=eyJ2IjoiMSJ9.upnvAfJjF8rAyzZ3rch6Cp2TnyJzRoB1TsScZdfAQ1JFzlybw-O-RxhI91mea45Bn4PUM2XqnYJmEJL2fHY5Jf61qlcStRqUOtR0Z_0BHm1CqoswLlhRsk0JNJsozTpqoL_3x8ygCGRBSQVGLbqKDgQRF3xn6_MSbR4iGwk4h24exZFeMvze0laPlPz9nRdsYNBjyG2iXvryU1XFLN-NBZZkU9T28hD2Kh8o-1VIkBvKGt1EHiXM7IMl07ml4HHc2KDbdeAT04QtjVIPNIDV5JP97sRtykl7vEjLYfMTOoc.XmlXS0NEzYydwr7fqHVpuYqASFes8py_DWRwz3vRRgs&dib_tag=se&keywords=sneakers&qid=1722674261&sr=8-39,4.6 out of 5 stars,,https://www.amazon.com/s?k=sneakers&page=1
Converse Women's Chuck Taylor All Star Lift High Top Sneakers,/Converse-Shoes-Sneakers-Platform-560845C/dp/B079P3WJYC/ref=sr_1_40?dib=eyJ2IjoiMSJ9.upnvAfJjF8rAyzZ3rch6Cp2TnyJzRoB1TsScZdfAQ1JFzlybw-O-RxhI91mea45Bn4PUM2XqnYJmEJL2fHY5Jf61qlcStRqUOtR0Z_0BHm1CqoswLlhRsk0JNJsozTpqoL_3x8ygCGRBSQVGLbqKDgQRF3xn6_MSbR4iGwk4h24exZFeMvze0laPlPz9nRdsYNBjyG2iXvryU1XFLN-NBZZkU9T28hD2Kh8o-1VIkBvKGt1EHiXM7IMl07ml4HHc2KDbdeAT04QtjVIPNIDV5JP97sRtykl7vEjLYfMTOoc.XmlXS0NEzYydwr7fqHVpuYqASFes8py_DWRwz3vRRgs&dib_tag=se&keywords=sneakers&qid=1722674261&sr=8-40,4.7 out of 5 stars,,https://www.amazon.com/s?k=sneakers&page=1
Sneakers,/Sneakers-Jo-Marr/dp/B018YLC752/ref=sr_1_41?dib=eyJ2IjoiMSJ9.upnvAfJjF8rAyzZ3rch6Cp2TnyJzRoB1TsScZdfAQ1JFzlybw-O-RxhI91mea45Bn4PUM2XqnYJmEJL2fHY5Jf61qlcStRqUOtR0Z_0BHm1CqoswLlhRsk0JNJsozTpqoL_3x8ygCGRBSQVGLbqKDgQRF3xn6_MSbR4iGwk4h24exZFeMvze0laPlPz9nRdsYNBjyG2iXvryU1XFLN-NBZZkU9T28hD2Kh8o-1VIkBvKGt1EHiXM7IMl07ml4HHc2KDbdeAT04QtjVIPNIDV5JP97sRtykl7vEjLYfMTOoc.XmlXS0NEzYydwr7fqHVpuYqASFes8py_DWRwz3vRRgs&dib_tag=se&keywords=sneakers&qid=1722674261&sr=8-41,4.7 out of 5 stars,$3.79,https://www.amazon.com/s?k=sneakers&page=1
NIKE Men's Shoes,/Nike-Force-Trainers-White-315122/dp/B07LCNZXQD/ref=sr_1_42?dib=eyJ2IjoiMSJ9.upnvAfJjF8rAyzZ3rch6Cp2TnyJzRoB1TsScZdfAQ1JFzlybw-O-RxhI91mea45Bn4PUM2XqnYJmEJL2fHY5Jf61qlcStRqUOtR0Z_0BHm1CqoswLlhRsk0JNJsozTpqoL_3x8ygCGRBSQVGLbqKDgQRF3xn6_MSbR4iGwk4h24exZFeMvze0laPlPz9nRdsYNBjyG2iXvryU1XFLN-NBZZkU9T28hD2Kh8o-1VIkBvKGt1EHiXM7IMl07ml4HHc2KDbdeAT04QtjVIPNIDV5JP97sRtykl7vEjLYfMTOoc.XmlXS0NEzYydwr7fqHVpuYqASFes8py_DWRwz3vRRgs&dib_tag=se&keywords=sneakers&qid=1722674261&sr=8-42,4.6 out of 5 stars,,https://www.amazon.com/s?k=sneakers&page=1
New Balance Women's 574 Core Sneaker,/New-Balance-Womens-Sneaker-Nimbus/dp/B093QK8S8R/ref=sr_1_43?dib=eyJ2IjoiMSJ9.upnvAfJjF8rAyzZ3rch6Cp2TnyJzRoB1TsScZdfAQ1JFzlybw-O-RxhI91mea45Bn4PUM2XqnYJmEJL2fHY5Jf61qlcStRqUOtR0Z_0BHm1CqoswLlhRsk0JNJsozTpqoL_3x8ygCGRBSQVGLbqKDgQRF3xn6_MSbR4iGwk4h24exZFeMvze0laPlPz9nRdsYNBjyG2iXvryU1XFLN-NBZZkU9T28hD2Kh8o-1VIkBvKGt1EHiXM7IMl07ml4HHc2KDbdeAT04QtjVIPNIDV5JP97sRtykl7vEjLYfMTOoc.XmlXS0NEzYydwr7fqHVpuYqASFes8py_DWRwz3vRRgs&dib_tag=se&keywords=sneakers&qid=1722674261&sr=8-43,4.6 out of 5 stars,,https://www.amazon.com/s?k=sneakers&page=1
adidas Women's Park Street Sneaker,/adidas-Womens-Park-Sneaker-White/dp/B0BHPWNFQ8/ref=sr_1_44?dib=eyJ2IjoiMSJ9.upnvAfJjF8rAyzZ3rch6Cp2TnyJzRoB1TsScZdfAQ1JFzlybw-O-RxhI91mea45Bn4PUM2XqnYJmEJL2fHY5Jf61qlcStRqUOtR0Z_0BHm1CqoswLlhRsk0JNJsozTpqoL_3x8ygCGRBSQVGLbqKDgQRF3xn6_MSbR4iGwk4h24exZFeMvze0laPlPz9nRdsYNBjyG2iXvryU1XFLN-NBZZkU9T28hD2Kh8o-1VIkBvKGt1EHiXM7IMl07ml4HHc2KDbdeAT04QtjVIPNIDV5JP97sRtykl7vEjLYfMTOoc.XmlXS0NEzYydwr7fqHVpuYqASFes8py_DWRwz3vRRgs&dib_tag=se&keywords=sneakers&qid=1722674261&sr=8-44,4.4 out of 5 stars,$75.00,https://www.amazon.com/s?k=sneakers&page=1
Skechers Men's Stamina at Upper Stitch Sneaker,/Skechers-Stamina-Upper-Stitch-Sneaker/dp/B0CB238VYD/ref=sr_1_45?dib=eyJ2IjoiMSJ9.upnvAfJjF8rAyzZ3rch6Cp2TnyJzRoB1TsScZdfAQ1JFzlybw-O-RxhI91mea45Bn4PUM2XqnYJmEJL2fHY5Jf61qlcStRqUOtR0Z_0BHm1CqoswLlhRsk0JNJsozTpqoL_3x8ygCGRBSQVGLbqKDgQRF3xn6_MSbR4iGwk4h24exZFeMvze0laPlPz9nRdsYNBjyG2iXvryU1XFLN-NBZZkU9T28hD2Kh8o-1VIkBvKGt1EHiXM7IMl07ml4HHc2KDbdeAT04QtjVIPNIDV5JP97sRtykl7vEjLYfMTOoc.XmlXS0NEzYydwr7fqHVpuYqASFes8py_DWRwz3vRRgs&dib_tag=se&keywords=sneakers&qid=1722674261&sr=8-45,4.7 out of 5 stars,$62.47,https://www.amazon.com/s?k=sneakers&page=1
Keds Women's Kickstart Lace Up Sneaker,/Keds-Womens-Kickstart-Fashion-Sneaker/dp/B010EGL3X2/ref=sr_1_46?dib=eyJ2IjoiMSJ9.upnvAfJjF8rAyzZ3rch6Cp2TnyJzRoB1TsScZdfAQ1JFzlybw-O-RxhI91mea45Bn4PUM2XqnYJmEJL2fHY5Jf61qlcStRqUOtR0Z_0BHm1CqoswLlhRsk0JNJsozTpqoL_3x8ygCGRBSQVGLbqKDgQRF3xn6_MSbR4iGwk4h24exZFeMvze0laPlPz9nRdsYNBjyG2iXvryU1XFLN-NBZZkU9T28hD2Kh8o-1VIkBvKGt1EHiXM7IMl07ml4HHc2KDbdeAT04QtjVIPNIDV5JP97sRtykl7vEjLYfMTOoc.XmlXS0NEzYydwr7fqHVpuYqASFes8py_DWRwz3vRRgs&dib_tag=se&keywords=sneakers&qid=1722674261&sr=8-46,4.4 out of 5 stars,$40.29,https://www.amazon.com/s?k=sneakers&page=1
Reebok Women's Club C Double Sneaker,/Reebok-Womens-Double-Sneaker-Chalk/dp/B08XR1BLMQ/ref=sr_1_47?dib=eyJ2IjoiMSJ9.upnvAfJjF8rAyzZ3rch6Cp2TnyJzRoB1TsScZdfAQ1JFzlybw-O-RxhI91mea45Bn4PUM2XqnYJmEJL2fHY5Jf61qlcStRqUOtR0Z_0BHm1CqoswLlhRsk0JNJsozTpqoL_3x8ygCGRBSQVGLbqKDgQRF3xn6_MSbR4iGwk4h24exZFeMvze0laPlPz9nRdsYNBjyG2iXvryU1XFLN-NBZZkU9T28hD2Kh8o-1VIkBvKGt1EHiXM7IMl07ml4HHc2KDbdeAT04QtjVIPNIDV5JP97sRtykl7vEjLYfMTOoc.XmlXS0NEzYydwr7fqHVpuYqASFes8py_DWRwz3vRRgs&dib_tag=se&keywords=sneakers&qid=1722674261&sr=8-47,4.6 out of 5 stars,$84.95,https://www.amazon.com/s?k=sneakers&page=1
Keds Women's Triple Kick Leather Sneaker,/Keds-Womens-Leather-Fashion-Sneaker/dp/B01NCQ2K4I/ref=sr_1_48?dib=eyJ2IjoiMSJ9.upnvAfJjF8rAyzZ3rch6Cp2TnyJzRoB1TsScZdfAQ1JFzlybw-O-RxhI91mea45Bn4PUM2XqnYJmEJL2fHY5Jf61qlcStRqUOtR0Z_0BHm1CqoswLlhRsk0JNJsozTpqoL_3x8ygCGRBSQVGLbqKDgQRF3xn6_MSbR4iGwk4h24exZFeMvze0laPlPz9nRdsYNBjyG2iXvryU1XFLN-NBZZkU9T28hD2Kh8o-1VIkBvKGt1EHiXM7IMl07ml4HHc2KDbdeAT04QtjVIPNIDV5JP97sRtykl7vEjLYfMTOoc.XmlXS0NEzYydwr7fqHVpuYqASFes8py_DWRwz3vRRgs&dib_tag=se&keywords=sneakers&qid=1722674261&sr=8-48,4.4 out of 5 stars,$54.95,https://www.amazon.com/s?k=sneakers&page=1
Reebok Women's Club C Extra Sneaker,/Reebok-Womens-Extra-Sneaker-Chalk/dp/B09Z73K77H/ref=sr_1_49?dib=eyJ2IjoiMSJ9.upnvAfJjF8rAyzZ3rch6Cp2TnyJzRoB1TsScZdfAQ1JFzlybw-O-RxhI91mea45Bn4PUM2XqnYJmEJL2fHY5Jf61qlcStRqUOtR0Z_0BHm1CqoswLlhRsk0JNJsozTpqoL_3x8ygCGRBSQVGLbqKDgQRF3xn6_MSbR4iGwk4h24exZFeMvze0laPlPz9nRdsYNBjyG2iXvryU1XFLN-NBZZkU9T28hD2Kh8o-1VIkBvKGt1EHiXM7IMl07ml4HHc2KDbdeAT04QtjVIPNIDV5JP97sRtykl7vEjLYfMTOoc.XmlXS0NEzYydwr7fqHVpuYqASFes8py_DWRwz3vRRgs&dib_tag=se&keywords=sneakers&qid=1722674261&sr=8-49,4.6 out of 5 stars,$89.95,https://www.amazon.com/s?k=sneakers&page=1
Steve Madden Men's Fenta Fashion Sneaker,/Steve-Madden-Fashion-Sneaker-Fabric/dp/B01LVV1RBC/ref=sr_1_50?dib=eyJ2IjoiMSJ9.upnvAfJjF8rAyzZ3rch6Cp2TnyJzRoB1TsScZdfAQ1JFzlybw-O-RxhI91mea45Bn4PUM2XqnYJmEJL2fHY5Jf61qlcStRqUOtR0Z_0BHm1CqoswLlhRsk0JNJsozTpqoL_3x8ygCGRBSQVGLbqKDgQRF3xn6_MSbR4iGwk4h24exZFeMvze0laPlPz9nRdsYNBjyG2iXvryU1XFLN-NBZZkU9T28hD2Kh8o-1VIkBvKGt1EHiXM7IMl07ml4HHc2KDbdeAT04QtjVIPNIDV5JP97sRtykl7vEjLYfMTOoc.XmlXS0NEzYydwr7fqHVpuYqASFes8py_DWRwz3vRRgs&dib_tag=se&keywords=sneakers&qid=1722674261&sr=8-50,4.2 out of 5 stars,$38.99,https://www.amazon.com/s?k=sneakers&page=1
Dr. Scholl's Shoes Women's Time Off Sneaker,/Dr-Scholls-Shoes-Womens-Oxford/dp/B094C8G2NT/ref=sr_1_51?dib=eyJ2IjoiMSJ9.upnvAfJjF8rAyzZ3rch6Cp2TnyJzRoB1TsScZdfAQ1JFzlybw-O-RxhI91mea45Bn4PUM2XqnYJmEJL2fHY5Jf61qlcStRqUOtR0Z_0BHm1CqoswLlhRsk0JNJsozTpqoL_3x8ygCGRBSQVGLbqKDgQRF3xn6_MSbR4iGwk4h24exZFeMvze0laPlPz9nRdsYNBjyG2iXvryU1XFLN-NBZZkU9T28hD2Kh8o-1VIkBvKGt1EHiXM7IMl07ml4HHc2KDbdeAT04QtjVIPNIDV5JP97sRtykl7vEjLYfMTOoc.XmlXS0NEzYydwr7fqHVpuYqASFes8py_DWRwz3vRRgs&dib_tag=se&keywords=sneakers&qid=1722674261&sr=8-51,4.4 out of 5 stars,$70.00,https://www.amazon.com/s?k=sneakers&page=1
Nike Women's Gymnastics Shoes,/Nike-Womens-Force-Sneaker-Adult/dp/B08QB2ZWSQ/ref=sr_1_52_mod_primary_new?dib=eyJ2IjoiMSJ9.upnvAfJjF8rAyzZ3rch6Cp2TnyJzRoB1TsScZdfAQ1JFzlybw-O-RxhI91mea45Bn4PUM2XqnYJmEJL2fHY5Jf61qlcStRqUOtR0Z_0BHm1CqoswLlhRsk0JNJsozTpqoL_3x8ygCGRBSQVGLbqKDgQRF3xn6_MSbR4iGwk4h24exZFeMvze0laPlPz9nRdsYNBjyG2iXvryU1XFLN-NBZZkU9T28hD2Kh8o-1VIkBvKGt1EHiXM7IMl07ml4HHc2KDbdeAT04QtjVIPNIDV5JP97sRtykl7vEjLYfMTOoc.XmlXS0NEzYydwr7fqHVpuYqASFes8py_DWRwz3vRRgs&dib_tag=se&keywords=sneakers&qid=1722674261&sbo=RZvfv%2F%2FHxDF%2BO5021pAnSA%3D%3D&sr=8-52,4.5 out of 5 stars,$115.00,https://www.amazon.com/s?k=sneakers&page=1
Vans Unisex Old Skool Classic Skate Shoes,/Vans-Unisex-Skool-Black-White/dp/B000R3UCB2/ref=sr_1_53?dib=eyJ2IjoiMSJ9.upnvAfJjF8rAyzZ3rch6Cp2TnyJzRoB1TsScZdfAQ1JFzlybw-O-RxhI91mea45Bn4PUM2XqnYJmEJL2fHY5Jf61qlcStRqUOtR0Z_0BHm1CqoswLlhRsk0JNJsozTpqoL_3x8ygCGRBSQVGLbqKDgQRF3xn6_MSbR4iGwk4h24exZFeMvze0laPlPz9nRdsYNBjyG2iXvryU1XFLN-NBZZkU9T28hD2Kh8o-1VIkBvKGt1EHiXM7IMl07ml4HHc2KDbdeAT04QtjVIPNIDV5JP97sRtykl7vEjLYfMTOoc.XmlXS0NEzYydwr7fqHVpuYqASFes8py_DWRwz3vRRgs&dib_tag=se&keywords=sneakers&qid=1722674261&sr=8-53,4.7 out of 5 stars,,https://www.amazon.com/s?k=sneakers&page=1
Converse M9162 White Beige White CT AS HI Can,/Chuck-Taylor-Star-Canvas-Black/dp/B0073GJFCI/ref=sr_1_54?dib=eyJ2IjoiMSJ9.upnvAfJjF8rAyzZ3rch6Cp2TnyJzRoB1TsScZdfAQ1JFzlybw-O-RxhI91mea45Bn4PUM2XqnYJmEJL2fHY5Jf61qlcStRqUOtR0Z_0BHm1CqoswLlhRsk0JNJsozTpqoL_3x8ygCGRBSQVGLbqKDgQRF3xn6_MSbR4iGwk4h24exZFeMvze0laPlPz9nRdsYNBjyG2iXvryU1XFLN-NBZZkU9T28hD2Kh8o-1VIkBvKGt1EHiXM7IMl07ml4HHc2KDbdeAT04QtjVIPNIDV5JP97sRtykl7vEjLYfMTOoc.XmlXS0NEzYydwr7fqHVpuYqASFes8py_DWRwz3vRRgs&dib_tag=se&keywords=sneakers&qid=1722674261&sr=8-54,4.6 out of 5 stars,,https://www.amazon.com/s?k=sneakers&page=1
PUMA Men's Tazon 6 Cross Trainer Sneaker,/PUMA-Tazon-Fracture-Sneaker-Black/dp/B01C3LK33M/ref=sr_1_55?dib=eyJ2IjoiMSJ9.upnvAfJjF8rAyzZ3rch6Cp2TnyJzRoB1TsScZdfAQ1JFzlybw-O-RxhI91mea45Bn4PUM2XqnYJmEJL2fHY5Jf61qlcStRqUOtR0Z_0BHm1CqoswLlhRsk0JNJsozTpqoL_3x8ygCGRBSQVGLbqKDgQRF3xn6_MSbR4iGwk4h24exZFeMvze0laPlPz9nRdsYNBjyG2iXvryU1XFLN-NBZZkU9T28hD2Kh8o-1VIkBvKGt1EHiXM7IMl07ml4HHc2KDbdeAT04QtjVIPNIDV5JP97sRtykl7vEjLYfMTOoc.XmlXS0NEzYydwr7fqHVpuYqASFes8py_DWRwz3vRRgs&dib_tag=se&keywords=sneakers&qid=1722674261&sr=8-55,4.4 out of 5 stars,$63.00,https://www.amazon.com/s?k=sneakers&page=1
Skechers Women's Go Walk Joy Sneaker,/Skechers-Walk-Navy-White-10-5/dp/B071JX283B/ref=sr_1_56?dib=eyJ2IjoiMSJ9.upnvAfJjF8rAyzZ3rch6Cp2TnyJzRoB1TsScZdfAQ1JFzlybw-O-RxhI91mea45Bn4PUM2XqnYJmEJL2fHY5Jf61qlcStRqUOtR0Z_0BHm1CqoswLlhRsk0JNJsozTpqoL_3x8ygCGRBSQVGLbqKDgQRF3xn6_MSbR4iGwk4h24exZFeMvze0laPlPz9nRdsYNBjyG2iXvryU1XFLN-NBZZkU9T28hD2Kh8o-1VIkBvKGt1EHiXM7IMl07ml4HHc2KDbdeAT04QtjVIPNIDV5JP97sRtykl7vEjLYfMTOoc.XmlXS0NEzYydwr7fqHVpuYqASFes8py_DWRwz3vRRgs&dib_tag=se&keywords=sneakers&qid=1722674261&sr=8-56,4.5 out of 5 stars,$45.00,https://www.amazon.com/s?k=sneakers&page=1
Brooks Women’s Trace 3 Neutral Running Shoe,/Brooks-Womens-Trace-Neutral-Running/dp/B0BMTH1CCH/ref=sr_1_57?dib=eyJ2IjoiMSJ9.upnvAfJjF8rAyzZ3rch6Cp2TnyJzRoB1TsScZdfAQ1JFzlybw-O-RxhI91mea45Bn4PUM2XqnYJmEJL2fHY5Jf61qlcStRqUOtR0Z_0BHm1CqoswLlhRsk0JNJsozTpqoL_3x8ygCGRBSQVGLbqKDgQRF3xn6_MSbR4iGwk4h24exZFeMvze0laPlPz9nRdsYNBjyG2iXvryU1XFLN-NBZZkU9T28hD2Kh8o-1VIkBvKGt1EHiXM7IMl07ml4HHc2KDbdeAT04QtjVIPNIDV5JP97sRtykl7vEjLYfMTOoc.XmlXS0NEzYydwr7fqHVpuYqASFes8py_DWRwz3vRRgs&dib_tag=se&keywords=sneakers&qid=1722674261&sr=8-57,4.6 out of 5 stars,$99.95,https://www.amazon.com/s?k=sneakers&page=1
Converse Women's Chuck Taylor All Star Lugged Hi Sneakers,/Converse-womens-High-top-Sneaker-white/dp/B07SVFWMCJ/ref=sr_1_58?dib=eyJ2IjoiMSJ9.upnvAfJjF8rAyzZ3rch6Cp2TnyJzRoB1TsScZdfAQ1JFzlybw-O-RxhI91mea45Bn4PUM2XqnYJmEJL2fHY5Jf61qlcStRqUOtR0Z_0BHm1CqoswLlhRsk0JNJsozTpqoL_3x8ygCGRBSQVGLbqKDgQRF3xn6_MSbR4iGwk4h24exZFeMvze0laPlPz9nRdsYNBjyG2iXvryU1XFLN-NBZZkU9T28hD2Kh8o-1VIkBvKGt1EHiXM7IMl07ml4HHc2KDbdeAT04QtjVIPNIDV5JP97sRtykl7vEjLYfMTOoc.XmlXS0NEzYydwr7fqHVpuYqASFes8py_DWRwz3vRRgs&dib_tag=se&keywords=sneakers&qid=1722674261&sr=8-58,4.6 out of 5 stars,,https://www.amazon.com/s?k=sneakers&page=1
Reebok Women's Glide Sneaker,/Reebok-Womens-Sneaker-FTWWHT-CDGRY2/dp/B09ZGG5QQQ/ref=sr_1_59?dib=eyJ2IjoiMSJ9.upnvAfJjF8rAyzZ3rch6Cp2TnyJzRoB1TsScZdfAQ1JFzlybw-O-RxhI91mea45Bn4PUM2XqnYJmEJL2fHY5Jf61qlcStRqUOtR0Z_0BHm1CqoswLlhRsk0JNJsozTpqoL_3x8ygCGRBSQVGLbqKDgQRF3xn6_MSbR4iGwk4h24exZFeMvze0laPlPz9nRdsYNBjyG2iXvryU1XFLN-NBZZkU9T28hD2Kh8o-1VIkBvKGt1EHiXM7IMl07ml4HHc2KDbdeAT04QtjVIPNIDV5JP97sRtykl7vEjLYfMTOoc.XmlXS0NEzYydwr7fqHVpuYqASFes8py_DWRwz3vRRgs&dib_tag=se&keywords=sneakers&qid=1722674261&sr=8-59,4.3 out of 5 stars,$49.00,https://www.amazon.com/s?k=sneakers&page=1
Under Armour Women's Charged Assert 10,/Under-Armour-Womens-Charged-Running/dp/B09XBWB2FX/ref=sr_1_60?dib=eyJ2IjoiMSJ9.upnvAfJjF8rAyzZ3rch6Cp2TnyJzRoB1TsScZdfAQ1JFzlybw-O-RxhI91mea45Bn4PUM2XqnYJmEJL2fHY5Jf61qlcStRqUOtR0Z_0BHm1CqoswLlhRsk0JNJsozTpqoL_3x8ygCGRBSQVGLbqKDgQRF3xn6_MSbR4iGwk4h24exZFeMvze0laPlPz9nRdsYNBjyG2iXvryU1XFLN-NBZZkU9T28hD2Kh8o-1VIkBvKGt1EHiXM7IMl07ml4HHc2KDbdeAT04QtjVIPNIDV5JP97sRtykl7vEjLYfMTOoc.XmlXS0NEzYydwr7fqHVpuYqASFes8py_DWRwz3vRRgs&dib_tag=se&keywords=sneakers&qid=1722674261&sr=8-60,4.3 out of 5 stars,$56.25,https://www.amazon.com/s?k=sneakers&page=1
Dr. Scholl's Women's Nova Sneaker,/sspa/click?ie=UTF8&spc=MTo4MDgzNDk5NzYwMTQ1MjA1OjE3MjI2NzQyNjM6c3BfYXRmX25leHQ6MzAwMTM1ODQ5NDUzMzAyOjowOjo&url=%2FDr-Scholls-Womens-Slip-Ons-Loafer%2Fdp%2FB07YVSPJR6%2Fref%3Dsr_1_49_sspa%3Fdib%3DeyJ2IjoiMSJ9.fpKVNTO-5Y83RhV6jfd7mWRfEy1iDnE_XzaYAKYOd8rEGYwPBFiphsfajiEB7NFvpoVMK4QGmN577h4fxX1D9wjIZ7xOoVWFWERXpOpyMokunyV62ONxUNunjtLxhB-167oVzNrkmLzjZxFWW4E_dF7i4cW7etZY2yBhQXxiisztUJvjbBxAG9ONKDMt_wW52zgxwEXS-2vXuZHos49pIZ2r3jNwQgypMFEA2k6Yuvrq1ruIe_QlIydoBkHsFEYsCsym2zUTUttfEe_nkDej5OYJvu5jrqr54tfqLi03wVM.uHcafg0hRbOWIyAUBU1UX4MpLoChh3nchdcXUZf33gM%26dib_tag%3Dse%26keywords%3Dsneakers%26qid%3D1722674263%26sr%3D8-49-spons%26sp_csd%3Dd2lkZ2V0TmFtZT1zcF9hdGZfbmV4dA%26psc%3D1,4.3 out of 5 stars,$50.00,https://www.amazon.com/s?k=sneakers&page=2
Lacoste Womens Hydez Leather Sneakers,/sspa/click?ie=UTF8&spc=MTo4MDgzNDk5NzYwMTQ1MjA1OjE3MjI2NzQyNjM6c3BfYXRmX25leHQ6MjAwMTI5MDMyNDMyMTk4OjowOjo&url=%2FLacoste-Womens-Hydez-Black-Gold%2Fdp%2FB07G4BRXDR%2Fref%3Dsr_1_50_sspa%3Fdib%3DeyJ2IjoiMSJ9.fpKVNTO-5Y83RhV6jfd7mWRfEy1iDnE_XzaYAKYOd8rEGYwPBFiphsfajiEB7NFvpoVMK4QGmN577h4fxX1D9wjIZ7xOoVWFWERXpOpyMokunyV62ONxUNunjtLxhB-167oVzNrkmLzjZxFWW4E_dF7i4cW7etZY2yBhQXxiisztUJvjbBxAG9ONKDMt_wW52zgxwEXS-2vXuZHos49pIZ2r3jNwQgypMFEA2k6Yuvrq1ruIe_QlIydoBkHsFEYsCsym2zUTUttfEe_nkDej5OYJvu5jrqr54tfqLi03wVM.uHcafg0hRbOWIyAUBU1UX4MpLoChh3nchdcXUZf33gM%26dib_tag%3Dse%26keywords%3Dsneakers%26qid%3D1722674263%26sr%3D8-50-spons%26sp_csd%3Dd2lkZ2V0TmFtZT1zcF9hdGZfbmV4dA%26psc%3D1,4.5 out of 5 stars,$69.00,https://www.amazon.com/s?k=sneakers&page=2
Lugz Women's Clipper Classic Slip-on Fashion Sneaker,/sspa/click?ie=UTF8&spc=MTo4MDgzNDk5NzYwMTQ1MjA1OjE3MjI2NzQyNjM6c3BfYXRmX25leHQ6MzAwMzI4MDc4NzUwMTAyOjowOjo&url=%2FLugz-Womens-Clipper-Sneaker-White%2Fdp%2FB07CPJR6NY%2Fref%3Dsr_1_51_sspa%3Fdib%3DeyJ2IjoiMSJ9.fpKVNTO-5Y83RhV6jfd7mWRfEy1iDnE_XzaYAKYOd8rEGYwPBFiphsfajiEB7NFvpoVMK4QGmN577h4fxX1D9wjIZ7xOoVWFWERXpOpyMokunyV62ONxUNunjtLxhB-167oVzNrkmLzjZxFWW4E_dF7i4cW7etZY2yBhQXxiisztUJvjbBxAG9ONKDMt_wW52zgxwEXS-2vXuZHos49pIZ2r3jNwQgypMFEA2k6Yuvrq1ruIe_QlIydoBkHsFEYsCsym2zUTUttfEe_nkDej5OYJvu5jrqr54tfqLi03wVM.uHcafg0hRbOWIyAUBU1UX4MpLoChh3nchdcXUZf33gM%26dib_tag%3Dse%26keywords%3Dsneakers%26qid%3D1722674263%26sr%3D8-51-spons%26sp_csd%3Dd2lkZ2V0TmFtZT1zcF9hdGZfbmV4dA%26psc%3D1,4.2 out of 5 stars,$34.99,https://www.amazon.com/s?k=sneakers&page=2
LifeStride Women's Next Level Slip-On Sneaker,/sspa/click?ie=UTF8&spc=MTo4MDgzNDk5NzYwMTQ1MjA1OjE3MjI2NzQyNjM6c3BfYXRmX25leHQ6MzAwMTM1OTY4MTM2NzAyOjowOjo&url=%2FLifeStride-Womens-Level-Sneaker-Black%2Fdp%2FB09NS1V8SJ%2Fref%3Dsr_1_52_sspa%3Fdib%3DeyJ2IjoiMSJ9.fpKVNTO-5Y83RhV6jfd7mWRfEy1iDnE_XzaYAKYOd8rEGYwPBFiphsfajiEB7NFvpoVMK4QGmN577h4fxX1D9wjIZ7xOoVWFWERXpOpyMokunyV62ONxUNunjtLxhB-167oVzNrkmLzjZxFWW4E_dF7i4cW7etZY2yBhQXxiisztUJvjbBxAG9ONKDMt_wW52zgxwEXS-2vXuZHos49pIZ2r3jNwQgypMFEA2k6Yuvrq1ruIe_QlIydoBkHsFEYsCsym2zUTUttfEe_nkDej5OYJvu5jrqr54tfqLi03wVM.uHcafg0hRbOWIyAUBU1UX4MpLoChh3nchdcXUZf33gM%26dib_tag%3Dse%26keywords%3Dsneakers%26qid%3D1722674263%26sr%3D8-52-spons%26sp_csd%3Dd2lkZ2V0TmFtZT1zcF9hdGZfbmV4dA%26psc%3D1,4.3 out of 5 stars,$49.99,https://www.amazon.com/s?k=sneakers&page=2
Steve Madden Women's Starling Sneaker,/Steve-Madden-Starling-Sneaker-Glitter/dp/B0BT3P1P4Z/ref=sr_1_53?dib=eyJ2IjoiMSJ9.fpKVNTO-5Y83RhV6jfd7mWRfEy1iDnE_XzaYAKYOd8rEGYwPBFiphsfajiEB7NFvpoVMK4QGmN577h4fxX1D9wjIZ7xOoVWFWERXpOpyMokunyV62ONxUNunjtLxhB-167oVzNrkmLzjZxFWW4E_dF7i4cW7etZY2yBhQXxiisztUJvjbBxAG9ONKDMt_wW52zgxwEXS-2vXuZHos49pIZ2r3jNwQgypMFEA2k6Yuvrq1ruIe_QlIydoBkHsFEYsCsym2zUTUttfEe_nkDej5OYJvu5jrqr54tfqLi03wVM.uHcafg0hRbOWIyAUBU1UX4MpLoChh3nchdcXUZf33gM&dib_tag=se&keywords=sneakers&qid=1722674263&sr=8-53,4.3 out of 5 stars,$35.99,https://www.amazon.com/s?k=sneakers&page=2
Skechers Mens Afterburn M fit Wonted,/Skechers-Sport-Afterburn-Wonted-Loafer/dp/B075P9MDZ5/ref=sr_1_54?dib=eyJ2IjoiMSJ9.fpKVNTO-5Y83RhV6jfd7mWRfEy1iDnE_XzaYAKYOd8rEGYwPBFiphsfajiEB7NFvpoVMK4QGmN577h4fxX1D9wjIZ7xOoVWFWERXpOpyMokunyV62ONxUNunjtLxhB-167oVzNrkmLzjZxFWW4E_dF7i4cW7etZY2yBhQXxiisztUJvjbBxAG9ONKDMt_wW52zgxwEXS-2vXuZHos49pIZ2r3jNwQgypMFEA2k6Yuvrq1ruIe_QlIydoBkHsFEYsCsym2zUTUttfEe_nkDej5OYJvu5jrqr54tfqLi03wVM.uHcafg0hRbOWIyAUBU1UX4MpLoChh3nchdcXUZf33gM&dib_tag=se&keywords=sneakers&qid=1722674263&sr=8-54,4.5 out of 5 stars,$56.25,https://www.amazon.com/s?k=sneakers&page=2
PUMA Women's TAZON 6 cross Trainer,/PUMA-Womens-Tazon-Sneaker-Black-Red/dp/B07QM3JTB7/ref=sr_1_55?dib=eyJ2IjoiMSJ9.fpKVNTO-5Y83RhV6jfd7mWRfEy1iDnE_XzaYAKYOd8rEGYwPBFiphsfajiEB7NFvpoVMK4QGmN577h4fxX1D9wjIZ7xOoVWFWERXpOpyMokunyV62ONxUNunjtLxhB-167oVzNrkmLzjZxFWW4E_dF7i4cW7etZY2yBhQXxiisztUJvjbBxAG9ONKDMt_wW52zgxwEXS-2vXuZHos49pIZ2r3jNwQgypMFEA2k6Yuvrq1ruIe_QlIydoBkHsFEYsCsym2zUTUttfEe_nkDej5OYJvu5jrqr54tfqLi03wVM.uHcafg0hRbOWIyAUBU1UX4MpLoChh3nchdcXUZf33gM&dib_tag=se&keywords=sneakers&qid=1722674263&sr=8-55,4.4 out of 5 stars,$50.92,https://www.amazon.com/s?k=sneakers&page=2
GUESS Women's Calebb3 Sneaker,/GUESS-Womens-CALEBB-Sneaker-White/dp/B0BRPHLT9K/ref=sr_1_56?dib=eyJ2IjoiMSJ9.fpKVNTO-5Y83RhV6jfd7mWRfEy1iDnE_XzaYAKYOd8rEGYwPBFiphsfajiEB7NFvpoVMK4QGmN577h4fxX1D9wjIZ7xOoVWFWERXpOpyMokunyV62ONxUNunjtLxhB-167oVzNrkmLzjZxFWW4E_dF7i4cW7etZY2yBhQXxiisztUJvjbBxAG9ONKDMt_wW52zgxwEXS-2vXuZHos49pIZ2r3jNwQgypMFEA2k6Yuvrq1ruIe_QlIydoBkHsFEYsCsym2zUTUttfEe_nkDej5OYJvu5jrqr54tfqLi03wVM.uHcafg0hRbOWIyAUBU1UX4MpLoChh3nchdcXUZf33gM&dib_tag=se&keywords=sneakers&qid=1722674263&sr=8-56,4.6 out of 5 stars,$39.53,https://www.amazon.com/s?k=sneakers&page=2
Ryka Women's Viv Classic Sneaker,/Ryka-Womens-Classic-Sneaker-Beige/dp/B0BLGVMK73/ref=sr_1_57?dib=eyJ2IjoiMSJ9.fpKVNTO-5Y83RhV6jfd7mWRfEy1iDnE_XzaYAKYOd8rEGYwPBFiphsfajiEB7NFvpoVMK4QGmN577h4fxX1D9wjIZ7xOoVWFWERXpOpyMokunyV62ONxUNunjtLxhB-167oVzNrkmLzjZxFWW4E_dF7i4cW7etZY2yBhQXxiisztUJvjbBxAG9ONKDMt_wW52zgxwEXS-2vXuZHos49pIZ2r3jNwQgypMFEA2k6Yuvrq1ruIe_QlIydoBkHsFEYsCsym2zUTUttfEe_nkDej5OYJvu5jrqr54tfqLi03wVM.uHcafg0hRbOWIyAUBU1UX4MpLoChh3nchdcXUZf33gM&dib_tag=se&keywords=sneakers&qid=1722674263&sr=8-57,4.2 out of 5 stars,$44.99,https://www.amazon.com/s?k=sneakers&page=2
Easy Spirit Women's Merci3 Sneaker,/Easy-Spirit-Womens-Sneaker-Natural-Cream-Multi/dp/B0CTCZ2YRQ/ref=sr_1_58?dib=eyJ2IjoiMSJ9.fpKVNTO-5Y83RhV6jfd7mWRfEy1iDnE_XzaYAKYOd8rEGYwPBFiphsfajiEB7NFvpoVMK4QGmN577h4fxX1D9wjIZ7xOoVWFWERXpOpyMokunyV62ONxUNunjtLxhB-167oVzNrkmLzjZxFWW4E_dF7i4cW7etZY2yBhQXxiisztUJvjbBxAG9ONKDMt_wW52zgxwEXS-2vXuZHos49pIZ2r3jNwQgypMFEA2k6Yuvrq1ruIe_QlIydoBkHsFEYsCsym2zUTUttfEe_nkDej5OYJvu5jrqr54tfqLi03wVM.uHcafg0hRbOWIyAUBU1UX4MpLoChh3nchdcXUZf33gM&dib_tag=se&keywords=sneakers&qid=1722674263&sr=8-58,5.0 out of 5 stars,$34.99,https://www.amazon.com/s?k=sneakers&page=2
Dr. Scholl's Shoes Women's Nova Sneaker,/sspa/click?ie=UTF8&spc=MTo4MDgzNDk5NzYwMTQ1MjA1OjE3MjI2NzQyNjM6c3BfbXRmOjMwMDEzNTg0OTQ1MjUwMjo6MDo6&url=%2FDr-Scholls-Womens-Slip-Ons-Loafer%2Fdp%2FB07YVTFTCD%2Fref%3Dsr_1_59_sspa%3Fdib%3DeyJ2IjoiMSJ9.fpKVNTO-5Y83RhV6jfd7mWRfEy1iDnE_XzaYAKYOd8rEGYwPBFiphsfajiEB7NFvpoVMK4QGmN577h4fxX1D9wjIZ7xOoVWFWERXpOpyMokunyV62ONxUNunjtLxhB-167oVzNrkmLzjZxFWW4E_dF7i4cW7etZY2yBhQXxiisztUJvjbBxAG9ONKDMt_wW52zgxwEXS-2vXuZHos49pIZ2r3jNwQgypMFEA2k6Yuvrq1ruIe_QlIydoBkHsFEYsCsym2zUTUttfEe_nkDej5OYJvu5jrqr54tfqLi03wVM.uHcafg0hRbOWIyAUBU1UX4MpLoChh3nchdcXUZf33gM%26dib_tag%3Dse%26keywords%3Dsneakers%26qid%3D1722674263%26sr%3D8-59-spons%26sp_csd%3Dd2lkZ2V0TmFtZT1zcF9tdGY%26psc%3D1,4.4 out of 5 stars,$50.00,https://www.amazon.com/s?k=sneakers&page=2
Spenco Unknown Womens Casual,/sspa/click?ie=UTF8&spc=MTo4MDgzNDk5NzYwMTQ1MjA1OjE3MjI2NzQyNjM6c3BfbXRmOjIwMDA2NDY3NzE4MDQ4MTo6MDo6&url=%2FSpenco-Womens-Casual-Sneaker-Red%2Fdp%2FB084S9S5QD%2Fref%3Dsr_1_60_sspa%3Fdib%3DeyJ2IjoiMSJ9.fpKVNTO-5Y83RhV6jfd7mWRfEy1iDnE_XzaYAKYOd8rEGYwPBFiphsfajiEB7NFvpoVMK4QGmN577h4fxX1D9wjIZ7xOoVWFWERXpOpyMokunyV62ONxUNunjtLxhB-167oVzNrkmLzjZxFWW4E_dF7i4cW7etZY2yBhQXxiisztUJvjbBxAG9ONKDMt_wW52zgxwEXS-2vXuZHos49pIZ2r3jNwQgypMFEA2k6Yuvrq1ruIe_QlIydoBkHsFEYsCsym2zUTUttfEe_nkDej5OYJvu5jrqr54tfqLi03wVM.uHcafg0hRbOWIyAUBU1UX4MpLoChh3nchdcXUZf33gM%26dib_tag%3Dse%26keywords%3Dsneakers%26qid%3D1722674263%26sr%3D8-60-spons%26sp_csd%3Dd2lkZ2V0TmFtZT1zcF9tdGY%26psc%3D1,3.9 out of 5 stars,$62.86,https://www.amazon.com/s?k=sneakers&page=2
Karl Lagerfeld Paris Women's Katie Sneaker,/sspa/click?ie=UTF8&spc=MTo4MDgzNDk5NzYwMTQ1MjA1OjE3MjI2NzQyNjM6c3BfbXRmOjMwMDE1NTQ0MTc3NDQwMjo6MDo6&url=%2FKarl-Lagerfeld-Paris-Womens-Sneaker%2Fdp%2FB0CBT1PRYP%2Fref%3Dsr_1_61_sspa%3Fdib%3DeyJ2IjoiMSJ9.fpKVNTO-5Y83RhV6jfd7mWRfEy1iDnE_XzaYAKYOd8rEGYwPBFiphsfajiEB7NFvpoVMK4QGmN577h4fxX1D9wjIZ7xOoVWFWERXpOpyMokunyV62ONxUNunjtLxhB-167oVzNrkmLzjZxFWW4E_dF7i4cW7etZY2yBhQXxiisztUJvjbBxAG9ONKDMt_wW52zgxwEXS-2vXuZHos49pIZ2r3jNwQgypMFEA2k6Yuvrq1ruIe_QlIydoBkHsFEYsCsym2zUTUttfEe_nkDej5OYJvu5jrqr54tfqLi03wVM.uHcafg0hRbOWIyAUBU1UX4MpLoChh3nchdcXUZf33gM%26dib_tag%3Dse%26keywords%3Dsneakers%26qid%3D1722674263%26sr%3D8-61-spons%26sp_csd%3Dd2lkZ2V0TmFtZT1zcF9tdGY%26psc%3D1,4.4 out of 5 stars,$89.27,https://www.amazon.com/s?k=sneakers&page=2
"New Balance Women's Brighton Golf Shoes, 6-11",/sspa/click?ie=UTF8&spc=MTo4MDgzNDk5NzYwMTQ1MjA1OjE3MjI2NzQyNjM6c3BfbXRmOjIwMDE1ODA1NTAwNzA5ODo6MDo6&url=%2FNew-Balance-Womens-Brighton-Skate%2Fdp%2FB0BLV8BL5K%2Fref%3Dsr_1_62_sspa%3Fdib%3DeyJ2IjoiMSJ9.fpKVNTO-5Y83RhV6jfd7mWRfEy1iDnE_XzaYAKYOd8rEGYwPBFiphsfajiEB7NFvpoVMK4QGmN577h4fxX1D9wjIZ7xOoVWFWERXpOpyMokunyV62ONxUNunjtLxhB-167oVzNrkmLzjZxFWW4E_dF7i4cW7etZY2yBhQXxiisztUJvjbBxAG9ONKDMt_wW52zgxwEXS-2vXuZHos49pIZ2r3jNwQgypMFEA2k6Yuvrq1ruIe_QlIydoBkHsFEYsCsym2zUTUttfEe_nkDej5OYJvu5jrqr54tfqLi03wVM.uHcafg0hRbOWIyAUBU1UX4MpLoChh3nchdcXUZf33gM%26dib_tag%3Dse%26keywords%3Dsneakers%26qid%3D1722674263%26sr%3D8-62-spons%26sp_csd%3Dd2lkZ2V0TmFtZT1zcF9tdGY%26psc%3D1,4.0 out of 5 stars,$79.90,https://www.amazon.com/s?k=sneakers&page=2
Reebok Unisex Glide Sneaker,/Reebok-Unisex-Glide-Sneaker-Black/dp/B09ZF9V2F6/ref=sr_1_63?dib=eyJ2IjoiMSJ9.fpKVNTO-5Y83RhV6jfd7mWRfEy1iDnE_XzaYAKYOd8rEGYwPBFiphsfajiEB7NFvpoVMK4QGmN577h4fxX1D9wjIZ7xOoVWFWERXpOpyMokunyV62ONxUNunjtLxhB-167oVzNrkmLzjZxFWW4E_dF7i4cW7etZY2yBhQXxiisztUJvjbBxAG9ONKDMt_wW52zgxwEXS-2vXuZHos49pIZ2r3jNwQgypMFEA2k6Yuvrq1ruIe_QlIydoBkHsFEYsCsym2zUTUttfEe_nkDej5OYJvu5jrqr54tfqLi03wVM.uHcafg0hRbOWIyAUBU1UX4MpLoChh3nchdcXUZf33gM&dib_tag=se&keywords=sneakers&qid=1722674263&sr=8-63,4.5 out of 5 stars,$49.00,https://www.amazon.com/s?k=sneakers&page=2
Keds Women's Double Decker Sneaker,/Keds-Double-Decker-Canvas-Women/dp/B07NLGKGLH/ref=sr_1_64?dib=eyJ2IjoiMSJ9.fpKVNTO-5Y83RhV6jfd7mWRfEy1iDnE_XzaYAKYOd8rEGYwPBFiphsfajiEB7NFvpoVMK4QGmN577h4fxX1D9wjIZ7xOoVWFWERXpOpyMokunyV62ONxUNunjtLxhB-167oVzNrkmLzjZxFWW4E_dF7i4cW7etZY2yBhQXxiisztUJvjbBxAG9ONKDMt_wW52zgxwEXS-2vXuZHos49pIZ2r3jNwQgypMFEA2k6Yuvrq1ruIe_QlIydoBkHsFEYsCsym2zUTUttfEe_nkDej5OYJvu5jrqr54tfqLi03wVM.uHcafg0hRbOWIyAUBU1UX4MpLoChh3nchdcXUZf33gM&dib_tag=se&keywords=sneakers&qid=1722674263&sr=8-64,4.2 out of 5 stars,$36.83,https://www.amazon.com/s?k=sneakers&page=2
Reebok Women's Classic Renaissance Sneaker,/Reebok-Womens-Classic-Renaissance-Sneaker/dp/B00R54XRLS/ref=sr_1_65?dib=eyJ2IjoiMSJ9.fpKVNTO-5Y83RhV6jfd7mWRfEy1iDnE_XzaYAKYOd8rEGYwPBFiphsfajiEB7NFvpoVMK4QGmN577h4fxX1D9wjIZ7xOoVWFWERXpOpyMokunyV62ONxUNunjtLxhB-167oVzNrkmLzjZxFWW4E_dF7i4cW7etZY2yBhQXxiisztUJvjbBxAG9ONKDMt_wW52zgxwEXS-2vXuZHos49pIZ2r3jNwQgypMFEA2k6Yuvrq1ruIe_QlIydoBkHsFEYsCsym2zUTUttfEe_nkDej5OYJvu5jrqr54tfqLi03wVM.uHcafg0hRbOWIyAUBU1UX4MpLoChh3nchdcXUZf33gM&dib_tag=se&keywords=sneakers&qid=1722674263&sr=8-65,4.3 out of 5 stars,$44.97,https://www.amazon.com/s?k=sneakers&page=2
ASICS Men's JOLT 4 Running Shoes,/ASICS-Mens-Running-Shoes-Black/dp/B0B4834SXM/ref=sr_1_66?dib=eyJ2IjoiMSJ9.fpKVNTO-5Y83RhV6jfd7mWRfEy1iDnE_XzaYAKYOd8rEGYwPBFiphsfajiEB7NFvpoVMK4QGmN577h4fxX1D9wjIZ7xOoVWFWERXpOpyMokunyV62ONxUNunjtLxhB-167oVzNrkmLzjZxFWW4E_dF7i4cW7etZY2yBhQXxiisztUJvjbBxAG9ONKDMt_wW52zgxwEXS-2vXuZHos49pIZ2r3jNwQgypMFEA2k6Yuvrq1ruIe_QlIydoBkHsFEYsCsym2zUTUttfEe_nkDej5OYJvu5jrqr54tfqLi03wVM.uHcafg0hRbOWIyAUBU1UX4MpLoChh3nchdcXUZf33gM&dib_tag=se&keywords=sneakers&qid=1722674263&sr=8-66,4.5 out of 5 stars,$59.95,https://www.amazon.com/s?k=sneakers&page=2
Roxy women's Sheilahh 2.0 Loafer Flat,/sspa/click?ie=UTF8&spc=MTo4MDgzNDk5NzYwMTQ1MjA1OjE3MjI2NzQyNjM6c3BfbXRmOjMwMDE3MDQ5NjQyNTgwMjo6MDo6&url=%2FRoxy-Womens-Sheilahh-Platform-Sneaker%2Fdp%2FB081V1JFWL%2Fref%3Dsr_1_67_sspa%3Fdib%3DeyJ2IjoiMSJ9.fpKVNTO-5Y83RhV6jfd7mWRfEy1iDnE_XzaYAKYOd8rEGYwPBFiphsfajiEB7NFvpoVMK4QGmN577h4fxX1D9wjIZ7xOoVWFWERXpOpyMokunyV62ONxUNunjtLxhB-167oVzNrkmLzjZxFWW4E_dF7i4cW7etZY2yBhQXxiisztUJvjbBxAG9ONKDMt_wW52zgxwEXS-2vXuZHos49pIZ2r3jNwQgypMFEA2k6Yuvrq1ruIe_QlIydoBkHsFEYsCsym2zUTUttfEe_nkDej5OYJvu5jrqr54tfqLi03wVM.uHcafg0hRbOWIyAUBU1UX4MpLoChh3nchdcXUZf33gM%26dib_tag%3Dse%26keywords%3Dsneakers%26qid%3D1722674263%26sr%3D8-67-spons%26sp_csd%3Dd2lkZ2V0TmFtZT1zcF9tdGY%26psc%3D1,4.2 out of 5 stars,$50.52,https://www.amazon.com/s?k=sneakers&page=2
Karl Lagerfeld Paris women's Cate Pins Sneaker,/sspa/click?ie=UTF8&spc=MTo4MDgzNDk5NzYwMTQ1MjA1OjE3MjI2NzQyNjM6c3BfbXRmOjMwMDE1NTQ0MTc3ODIwMjo6MDo6&url=%2FKarl-Lagerfeld-Paris-Womens-Sneaker%2Fdp%2FB0BYBF33MF%2Fref%3Dsr_1_68_sspa%3Fdib%3DeyJ2IjoiMSJ9.fpKVNTO-5Y83RhV6jfd7mWRfEy1iDnE_XzaYAKYOd8rEGYwPBFiphsfajiEB7NFvpoVMK4QGmN577h4fxX1D9wjIZ7xOoVWFWERXpOpyMokunyV62ONxUNunjtLxhB-167oVzNrkmLzjZxFWW4E_dF7i4cW7etZY2yBhQXxiisztUJvjbBxAG9ONKDMt_wW52zgxwEXS-2vXuZHos49pIZ2r3jNwQgypMFEA2k6Yuvrq1ruIe_QlIydoBkHsFEYsCsym2zUTUttfEe_nkDej5OYJvu5jrqr54tfqLi03wVM.uHcafg0hRbOWIyAUBU1UX4MpLoChh3nchdcXUZf33gM%26dib_tag%3Dse%26keywords%3Dsneakers%26qid%3D1722674263%26sr%3D8-68-spons%26sp_csd%3Dd2lkZ2V0TmFtZT1zcF9tdGY%26psc%3D1,4.0 out of 5 stars,$99.36,https://www.amazon.com/s?k=sneakers&page=2
Deer Stags Women's Galaxy Jr Sneaker,/sspa/click?ie=UTF8&spc=MTo4MDgzNDk5NzYwMTQ1MjA1OjE3MjI2NzQyNjM6c3BfbXRmOjMwMDE2NjQzMDk1NjYwMjo6MDo6&url=%2FDeer-Stags-Galaxy-Sneaker-Little%2Fdp%2FB0BZ6FL4PX%2Fref%3Dsr_1_69_sspa%3Fdib%3DeyJ2IjoiMSJ9.fpKVNTO-5Y83RhV6jfd7mWRfEy1iDnE_XzaYAKYOd8rEGYwPBFiphsfajiEB7NFvpoVMK4QGmN577h4fxX1D9wjIZ7xOoVWFWERXpOpyMokunyV62ONxUNunjtLxhB-167oVzNrkmLzjZxFWW4E_dF7i4cW7etZY2yBhQXxiisztUJvjbBxAG9ONKDMt_wW52zgxwEXS-2vXuZHos49pIZ2r3jNwQgypMFEA2k6Yuvrq1ruIe_QlIydoBkHsFEYsCsym2zUTUttfEe_nkDej5OYJvu5jrqr54tfqLi03wVM.uHcafg0hRbOWIyAUBU1UX4MpLoChh3nchdcXUZf33gM%26dib_tag%3Dse%26keywords%3Dsneakers%26qid%3D1722674263%26sr%3D8-69-spons%26sp_csd%3Dd2lkZ2V0TmFtZT1zcF9tdGY%26psc%3D1,,$16.30,https://www.amazon.com/s?k=sneakers&page=2
Karl Lagerfeld Paris women's Cate Shoes – Sneakers Iconic Klp Pins,/sspa/click?ie=UTF8&spc=MTo4MDgzNDk5NzYwMTQ1MjA1OjE3MjI2NzQyNjM6c3BfbXRmOjMwMDE1NTQ5NDI1OTcwMjo6MDo6&url=%2FKarl-Lagerfeld-Paris-Womens-Sneaker%2Fdp%2FB091WYJHC8%2Fref%3Dsr_1_70_sspa%3Fdib%3DeyJ2IjoiMSJ9.fpKVNTO-5Y83RhV6jfd7mWRfEy1iDnE_XzaYAKYOd8rEGYwPBFiphsfajiEB7NFvpoVMK4QGmN577h4fxX1D9wjIZ7xOoVWFWERXpOpyMokunyV62ONxUNunjtLxhB-167oVzNrkmLzjZxFWW4E_dF7i4cW7etZY2yBhQXxiisztUJvjbBxAG9ONKDMt_wW52zgxwEXS-2vXuZHos49pIZ2r3jNwQgypMFEA2k6Yuvrq1ruIe_QlIydoBkHsFEYsCsym2zUTUttfEe_nkDej5OYJvu5jrqr54tfqLi03wVM.uHcafg0hRbOWIyAUBU1UX4MpLoChh3nchdcXUZf33gM%26dib_tag%3Dse%26keywords%3Dsneakers%26qid%3D1722674263%26sr%3D8-70-spons%26sp_csd%3Dd2lkZ2V0TmFtZT1zcF9tdGY%26psc%3D1,4.6 out of 5 stars,$139.00,https://www.amazon.com/s?k=sneakers&page=2
TRETORN Women's Nyliteplus Leather Lace-Up Sneakers,/TRETORN-Nyliteplus-Leather-Lace-Up-Sneakers/dp/B0CND8838B/ref=sr_1_71?dib=eyJ2IjoiMSJ9.fpKVNTO-5Y83RhV6jfd7mWRfEy1iDnE_XzaYAKYOd8rEGYwPBFiphsfajiEB7NFvpoVMK4QGmN577h4fxX1D9wjIZ7xOoVWFWERXpOpyMokunyV62ONxUNunjtLxhB-167oVzNrkmLzjZxFWW4E_dF7i4cW7etZY2yBhQXxiisztUJvjbBxAG9ONKDMt_wW52zgxwEXS-2vXuZHos49pIZ2r3jNwQgypMFEA2k6Yuvrq1ruIe_QlIydoBkHsFEYsCsym2zUTUttfEe_nkDej5OYJvu5jrqr54tfqLi03wVM.uHcafg0hRbOWIyAUBU1UX4MpLoChh3nchdcXUZf33gM&dib_tag=se&keywords=sneakers&qid=1722674263&sr=8-71,4.2 out of 5 stars,$38.48,https://www.amazon.com/s?k=sneakers&page=2
Brooks Women’s Trace 2 Neutral Running Shoe,/Brooks-Womens-Trace-Neutral-Running/dp/B09MBVJP4F/ref=sr_1_72?dib=eyJ2IjoiMSJ9.fpKVNTO-5Y83RhV6jfd7mWRfEy1iDnE_XzaYAKYOd8rEGYwPBFiphsfajiEB7NFvpoVMK4QGmN577h4fxX1D9wjIZ7xOoVWFWERXpOpyMokunyV62ONxUNunjtLxhB-167oVzNrkmLzjZxFWW4E_dF7i4cW7etZY2yBhQXxiisztUJvjbBxAG9ONKDMt_wW52zgxwEXS-2vXuZHos49pIZ2r3jNwQgypMFEA2k6Yuvrq1ruIe_QlIydoBkHsFEYsCsym2zUTUttfEe_nkDej5OYJvu5jrqr54tfqLi03wVM.uHcafg0hRbOWIyAUBU1UX4MpLoChh3nchdcXUZf33gM&dib_tag=se&keywords=sneakers&qid=1722674263&sr=8-72,4.6 out of 5 stars,,https://www.amazon.com/s?k=sneakers&page=2
New Balance Women's FuelCore Nergize V1 Sneaker,/New-Balance-FuelCore-Nergize-Training/dp/B005ATNMPG/ref=sr_1_73?dib=eyJ2IjoiMSJ9.fpKVNTO-5Y83RhV6jfd7mWRfEy1iDnE_XzaYAKYOd8rEGYwPBFiphsfajiEB7NFvpoVMK4QGmN577h4fxX1D9wjIZ7xOoVWFWERXpOpyMokunyV62ONxUNunjtLxhB-167oVzNrkmLzjZxFWW4E_dF7i4cW7etZY2yBhQXxiisztUJvjbBxAG9ONKDMt_wW52zgxwEXS-2vXuZHos49pIZ2r3jNwQgypMFEA2k6Yuvrq1ruIe_QlIydoBkHsFEYsCsym2zUTUttfEe_nkDej5OYJvu5jrqr54tfqLi03wVM.uHcafg0hRbOWIyAUBU1UX4MpLoChh3nchdcXUZf33gM&dib_tag=se&keywords=sneakers&qid=1722674263&sr=8-73,4.4 out of 5 stars,,https://www.amazon.com/s?k=sneakers&page=2
Steve Madden Women's Maxima Sneaker,/Steve-Madden-Womens-Maxima-Sneaker/dp/B094P25N8B/ref=sr_1_74?dib=eyJ2IjoiMSJ9.fpKVNTO-5Y83RhV6jfd7mWRfEy1iDnE_XzaYAKYOd8rEGYwPBFiphsfajiEB7NFvpoVMK4QGmN577h4fxX1D9wjIZ7xOoVWFWERXpOpyMokunyV62ONxUNunjtLxhB-167oVzNrkmLzjZxFWW4E_dF7i4cW7etZY2yBhQXxiisztUJvjbBxAG9ONKDMt_wW52zgxwEXS-2vXuZHos49pIZ2r3jNwQgypMFEA2k6Yuvrq1ruIe_QlIydoBkHsFEYsCsym2zUTUttfEe_nkDej5OYJvu5jrqr54tfqLi03wVM.uHcafg0hRbOWIyAUBU1UX4MpLoChh3nchdcXUZf33gM&dib_tag=se&keywords=sneakers&qid=1722674263&sr=8-74,4.4 out of 5 stars,$54.01,https://www.amazon.com/s?k=sneakers&page=2
Keds women's Champion Leather Lace Up Sneaker,/Keds-womens-Wh45780-Sneaker-White/dp/B000ER7BHE/ref=sr_1_75?dib=eyJ2IjoiMSJ9.fpKVNTO-5Y83RhV6jfd7mWRfEy1iDnE_XzaYAKYOd8rEGYwPBFiphsfajiEB7NFvpoVMK4QGmN577h4fxX1D9wjIZ7xOoVWFWERXpOpyMokunyV62ONxUNunjtLxhB-167oVzNrkmLzjZxFWW4E_dF7i4cW7etZY2yBhQXxiisztUJvjbBxAG9ONKDMt_wW52zgxwEXS-2vXuZHos49pIZ2r3jNwQgypMFEA2k6Yuvrq1ruIe_QlIydoBkHsFEYsCsym2zUTUttfEe_nkDej5OYJvu5jrqr54tfqLi03wVM.uHcafg0hRbOWIyAUBU1UX4MpLoChh3nchdcXUZf33gM&dib_tag=se&keywords=sneakers&qid=1722674263&sr=8-75,4.5 out of 5 stars,$42.88,https://www.amazon.com/s?k=sneakers&page=2
Skechers women's Hands Free Slip-ins Bobs Squad Chaos-in Color Sneaker,/Skechers-Womens-Slip-Ins-Chaos-Sneaker/dp/B0CB1TDQSS/ref=sr_1_76?dib=eyJ2IjoiMSJ9.fpKVNTO-5Y83RhV6jfd7mWRfEy1iDnE_XzaYAKYOd8rEGYwPBFiphsfajiEB7NFvpoVMK4QGmN577h4fxX1D9wjIZ7xOoVWFWERXpOpyMokunyV62ONxUNunjtLxhB-167oVzNrkmLzjZxFWW4E_dF7i4cW7etZY2yBhQXxiisztUJvjbBxAG9ONKDMt_wW52zgxwEXS-2vXuZHos49pIZ2r3jNwQgypMFEA2k6Yuvrq1ruIe_QlIydoBkHsFEYsCsym2zUTUttfEe_nkDej5OYJvu5jrqr54tfqLi03wVM.uHcafg0hRbOWIyAUBU1UX4MpLoChh3nchdcXUZf33gM&dib_tag=se&keywords=sneakers&qid=1722674263&sr=8-76,4.6 out of 5 stars,$70.00,https://www.amazon.com/s?k=sneakers&page=2
PUMA men's Hypnotic Sneaker,/PUMA-Mens-Hypnotic-Sneaker-Putty-Alpine/dp/B0CL7H3HZ1/ref=sr_1_77?dib=eyJ2IjoiMSJ9.fpKVNTO-5Y83RhV6jfd7mWRfEy1iDnE_XzaYAKYOd8rEGYwPBFiphsfajiEB7NFvpoVMK4QGmN577h4fxX1D9wjIZ7xOoVWFWERXpOpyMokunyV62ONxUNunjtLxhB-167oVzNrkmLzjZxFWW4E_dF7i4cW7etZY2yBhQXxiisztUJvjbBxAG9ONKDMt_wW52zgxwEXS-2vXuZHos49pIZ2r3jNwQgypMFEA2k6Yuvrq1ruIe_QlIydoBkHsFEYsCsym2zUTUttfEe_nkDej5OYJvu5jrqr54tfqLi03wVM.uHcafg0hRbOWIyAUBU1UX4MpLoChh3nchdcXUZf33gM&dib_tag=se&keywords=sneakers&qid=1722674263&sr=8-77,4.7 out of 5 stars,$40.00,https://www.amazon.com/s?k=sneakers&page=2
Under Armour men's Charged Surge 4 Sneaker,/Under-Armour-Charged-Surge-Running/dp/B0BZXL27DQ/ref=sr_1_78?dib=eyJ2IjoiMSJ9.fpKVNTO-5Y83RhV6jfd7mWRfEy1iDnE_XzaYAKYOd8rEGYwPBFiphsfajiEB7NFvpoVMK4QGmN577h4fxX1D9wjIZ7xOoVWFWERXpOpyMokunyV62ONxUNunjtLxhB-167oVzNrkmLzjZxFWW4E_dF7i4cW7etZY2yBhQXxiisztUJvjbBxAG9ONKDMt_wW52zgxwEXS-2vXuZHos49pIZ2r3jNwQgypMFEA2k6Yuvrq1ruIe_QlIydoBkHsFEYsCsym2zUTUttfEe_nkDej5OYJvu5jrqr54tfqLi03wVM.uHcafg0hRbOWIyAUBU1UX4MpLoChh3nchdcXUZf33gM&dib_tag=se&keywords=sneakers&qid=1722674263&sr=8-78,4.5 out of 5 stars,$42.98,https://www.amazon.com/s?k=sneakers&page=2
Skechers Men's Go Walk Evolution Ultra-Impeccable Sneaker,/Skechers-Evolution-Ultra-Impeccable-Sneaker-Black/dp/B07FKX2823/ref=sr_1_79?dib=eyJ2IjoiMSJ9.fpKVNTO-5Y83RhV6jfd7mWRfEy1iDnE_XzaYAKYOd8rEGYwPBFiphsfajiEB7NFvpoVMK4QGmN577h4fxX1D9wjIZ7xOoVWFWERXpOpyMokunyV62ONxUNunjtLxhB-167oVzNrkmLzjZxFWW4E_dF7i4cW7etZY2yBhQXxiisztUJvjbBxAG9ONKDMt_wW52zgxwEXS-2vXuZHos49pIZ2r3jNwQgypMFEA2k6Yuvrq1ruIe_QlIydoBkHsFEYsCsym2zUTUttfEe_nkDej5OYJvu5jrqr54tfqLi03wVM.uHcafg0hRbOWIyAUBU1UX4MpLoChh3nchdcXUZf33gM&dib_tag=se&keywords=sneakers&qid=1722674263&sr=8-79,4.6 out of 5 stars,$59.95,https://www.amazon.com/s?k=sneakers&page=2
Reebok Women's Classic Harman Run Sneaker,/Reebok-Womens-Sneaker-Infused-Classic/dp/B09LFVDMB2/ref=sr_1_80?dib=eyJ2IjoiMSJ9.fpKVNTO-5Y83RhV6jfd7mWRfEy1iDnE_XzaYAKYOd8rEGYwPBFiphsfajiEB7NFvpoVMK4QGmN577h4fxX1D9wjIZ7xOoVWFWERXpOpyMokunyV62ONxUNunjtLxhB-167oVzNrkmLzjZxFWW4E_dF7i4cW7etZY2yBhQXxiisztUJvjbBxAG9ONKDMt_wW52zgxwEXS-2vXuZHos49pIZ2r3jNwQgypMFEA2k6Yuvrq1ruIe_QlIydoBkHsFEYsCsym2zUTUttfEe_nkDej5OYJvu5jrqr54tfqLi03wVM.uHcafg0hRbOWIyAUBU1UX4MpLoChh3nchdcXUZf33gM&dib_tag=se&keywords=sneakers&qid=1722674263&sr=8-80,4.4 out of 5 stars,$51.45,https://www.amazon.com/s?k=sneakers&page=2
Reebok Men's Club MEMT Sneaker,/Reebok-Mens-Sneaker-White-Collegiate/dp/B07W1KMVX4/ref=sr_1_81?dib=eyJ2IjoiMSJ9.fpKVNTO-5Y83RhV6jfd7mWRfEy1iDnE_XzaYAKYOd8rEGYwPBFiphsfajiEB7NFvpoVMK4QGmN577h4fxX1D9wjIZ7xOoVWFWERXpOpyMokunyV62ONxUNunjtLxhB-167oVzNrkmLzjZxFWW4E_dF7i4cW7etZY2yBhQXxiisztUJvjbBxAG9ONKDMt_wW52zgxwEXS-2vXuZHos49pIZ2r3jNwQgypMFEA2k6Yuvrq1ruIe_QlIydoBkHsFEYsCsym2zUTUttfEe_nkDej5OYJvu5jrqr54tfqLi03wVM.uHcafg0hRbOWIyAUBU1UX4MpLoChh3nchdcXUZf33gM&dib_tag=se&keywords=sneakers&qid=1722674263&sr=8-81,4.5 out of 5 stars,,https://www.amazon.com/s?k=sneakers&page=2
Sam Edelman Womens Ellie Sneaker,/Sam-Edelman-Womens-Sneaker-Antique/dp/B0CDL5ZRBG/ref=sr_1_82?dib=eyJ2IjoiMSJ9.fpKVNTO-5Y83RhV6jfd7mWRfEy1iDnE_XzaYAKYOd8rEGYwPBFiphsfajiEB7NFvpoVMK4QGmN577h4fxX1D9wjIZ7xOoVWFWERXpOpyMokunyV62ONxUNunjtLxhB-167oVzNrkmLzjZxFWW4E_dF7i4cW7etZY2yBhQXxiisztUJvjbBxAG9ONKDMt_wW52zgxwEXS-2vXuZHos49pIZ2r3jNwQgypMFEA2k6Yuvrq1ruIe_QlIydoBkHsFEYsCsym2zUTUttfEe_nkDej5OYJvu5jrqr54tfqLi03wVM.uHcafg0hRbOWIyAUBU1UX4MpLoChh3nchdcXUZf33gM&dib_tag=se&keywords=sneakers&qid=1722674263&sr=8-82,4.4 out of 5 stars,$39.99,https://www.amazon.com/s?k=sneakers&page=2
Lugz Men's Lear Fashion Sneaker,/Lugz-Mens-Fashion-Sneaker-Black/dp/B09QDM89B5/ref=sr_1_83?dib=eyJ2IjoiMSJ9.fpKVNTO-5Y83RhV6jfd7mWRfEy1iDnE_XzaYAKYOd8rEGYwPBFiphsfajiEB7NFvpoVMK4QGmN577h4fxX1D9wjIZ7xOoVWFWERXpOpyMokunyV62ONxUNunjtLxhB-167oVzNrkmLzjZxFWW4E_dF7i4cW7etZY2yBhQXxiisztUJvjbBxAG9ONKDMt_wW52zgxwEXS-2vXuZHos49pIZ2r3jNwQgypMFEA2k6Yuvrq1ruIe_QlIydoBkHsFEYsCsym2zUTUttfEe_nkDej5OYJvu5jrqr54tfqLi03wVM.uHcafg0hRbOWIyAUBU1UX4MpLoChh3nchdcXUZf33gM&dib_tag=se&keywords=sneakers&qid=1722674263&sr=8-83,4.4 out of 5 stars,$34.97,https://www.amazon.com/s?k=sneakers&page=2
WHITE MOUNTAIN Women's Upbear Woven Knit Sneaker,/WHITE-MOUNTAIN-Womens-Upbear-Sneaker/dp/B0CS3TKYS4/ref=sr_1_84?dib=eyJ2IjoiMSJ9.fpKVNTO-5Y83RhV6jfd7mWRfEy1iDnE_XzaYAKYOd8rEGYwPBFiphsfajiEB7NFvpoVMK4QGmN577h4fxX1D9wjIZ7xOoVWFWERXpOpyMokunyV62ONxUNunjtLxhB-167oVzNrkmLzjZxFWW4E_dF7i4cW7etZY2yBhQXxiisztUJvjbBxAG9ONKDMt_wW52zgxwEXS-2vXuZHos49pIZ2r3jNwQgypMFEA2k6Yuvrq1ruIe_QlIydoBkHsFEYsCsym2zUTUttfEe_nkDej5OYJvu5jrqr54tfqLi03wVM.uHcafg0hRbOWIyAUBU1UX4MpLoChh3nchdcXUZf33gM&dib_tag=se&keywords=sneakers&qid=1722674263&sr=8-84,4.4 out of 5 stars,$29.03,https://www.amazon.com/s?k=sneakers&page=2
Brooks Women’s Revel 6 Neutral Running Shoe,/Brooks-Womens-Revel-Neutral-Running/dp/B0BHKTQC39/ref=sr_1_85?dib=eyJ2IjoiMSJ9.fpKVNTO-5Y83RhV6jfd7mWRfEy1iDnE_XzaYAKYOd8rEGYwPBFiphsfajiEB7NFvpoVMK4QGmN577h4fxX1D9wjIZ7xOoVWFWERXpOpyMokunyV62ONxUNunjtLxhB-167oVzNrkmLzjZxFWW4E_dF7i4cW7etZY2yBhQXxiisztUJvjbBxAG9ONKDMt_wW52zgxwEXS-2vXuZHos49pIZ2r3jNwQgypMFEA2k6Yuvrq1ruIe_QlIydoBkHsFEYsCsym2zUTUttfEe_nkDej5OYJvu5jrqr54tfqLi03wVM.uHcafg0hRbOWIyAUBU1UX4MpLoChh3nchdcXUZf33gM&dib_tag=se&keywords=sneakers&qid=1722674263&sr=8-85,4.6 out of 5 stars,$79.95,https://www.amazon.com/s?k=sneakers&page=2
ASICS Women's Gel-Venture 8 Running Shoes,/ASICS-Womens-Gel-Venture-Running-Carrier/dp/B091KFB6Y3/ref=sr_1_86?dib=eyJ2IjoiMSJ9.fpKVNTO-5Y83RhV6jfd7mWRfEy1iDnE_XzaYAKYOd8rEGYwPBFiphsfajiEB7NFvpoVMK4QGmN577h4fxX1D9wjIZ7xOoVWFWERXpOpyMokunyV62ONxUNunjtLxhB-167oVzNrkmLzjZxFWW4E_dF7i4cW7etZY2yBhQXxiisztUJvjbBxAG9ONKDMt_wW52zgxwEXS-2vXuZHos49pIZ2r3jNwQgypMFEA2k6Yuvrq1ruIe_QlIydoBkHsFEYsCsym2zUTUttfEe_nkDej5OYJvu5jrqr54tfqLi03wVM.uHcafg0hRbOWIyAUBU1UX4MpLoChh3nchdcXUZf33gM&dib_tag=se&keywords=sneakers&qid=1722674263&sr=8-86,4.4 out of 5 stars,$49.95,https://www.amazon.com/s?k=sneakers&page=2
Reebok Women's Princess Sneaker,/Reebok-Womens-Princess-Sneaker-Black/dp/B000OCRIYU/ref=sr_1_87?dib=eyJ2IjoiMSJ9.fpKVNTO-5Y83RhV6jfd7mWRfEy1iDnE_XzaYAKYOd8rEGYwPBFiphsfajiEB7NFvpoVMK4QGmN577h4fxX1D9wjIZ7xOoVWFWERXpOpyMokunyV62ONxUNunjtLxhB-167oVzNrkmLzjZxFWW4E_dF7i4cW7etZY2yBhQXxiisztUJvjbBxAG9ONKDMt_wW52zgxwEXS-2vXuZHos49pIZ2r3jNwQgypMFEA2k6Yuvrq1ruIe_QlIydoBkHsFEYsCsym2zUTUttfEe_nkDej5OYJvu5jrqr54tfqLi03wVM.uHcafg0hRbOWIyAUBU1UX4MpLoChh3nchdcXUZf33gM&dib_tag=se&keywords=sneakers&qid=1722674263&sr=8-87,4.4 out of 5 stars,$37.39,https://www.amazon.com/s?k=sneakers&page=2
Dr. Scholl's Women's Madison Sneaker,/Dr-Scholls-Shoes-Madison-Sneaker/dp/B09L3BNMPM/ref=sr_1_88?dib=eyJ2IjoiMSJ9.fpKVNTO-5Y83RhV6jfd7mWRfEy1iDnE_XzaYAKYOd8rEGYwPBFiphsfajiEB7NFvpoVMK4QGmN577h4fxX1D9wjIZ7xOoVWFWERXpOpyMokunyV62ONxUNunjtLxhB-167oVzNrkmLzjZxFWW4E_dF7i4cW7etZY2yBhQXxiisztUJvjbBxAG9ONKDMt_wW52zgxwEXS-2vXuZHos49pIZ2r3jNwQgypMFEA2k6Yuvrq1ruIe_QlIydoBkHsFEYsCsym2zUTUttfEe_nkDej5OYJvu5jrqr54tfqLi03wVM.uHcafg0hRbOWIyAUBU1UX4MpLoChh3nchdcXUZf33gM&dib_tag=se&keywords=sneakers&qid=1722674263&sr=8-88,4.2 out of 5 stars,$50.00,https://www.amazon.com/s?k=sneakers&page=2
adidas Women's Kaptir Flow Sneaker,/adidas-Womens-Kaptir-Sneaker-White/dp/B0BTZ9P9MP/ref=sr_1_89?dib=eyJ2IjoiMSJ9.fpKVNTO-5Y83RhV6jfd7mWRfEy1iDnE_XzaYAKYOd8rEGYwPBFiphsfajiEB7NFvpoVMK4QGmN577h4fxX1D9wjIZ7xOoVWFWERXpOpyMokunyV62ONxUNunjtLxhB-167oVzNrkmLzjZxFWW4E_dF7i4cW7etZY2yBhQXxiisztUJvjbBxAG9ONKDMt_wW52zgxwEXS-2vXuZHos49pIZ2r3jNwQgypMFEA2k6Yuvrq1ruIe_QlIydoBkHsFEYsCsym2zUTUttfEe_nkDej5OYJvu5jrqr54tfqLi03wVM.uHcafg0hRbOWIyAUBU1UX4MpLoChh3nchdcXUZf33gM&dib_tag=se&keywords=sneakers&qid=1722674263&sr=8-89,4.5 out of 5 stars,$59.99,https://www.amazon.com/s?k=sneakers&page=2
Reebok Women's Club C Double Geo Sneaker,/Reebok-Womens-Double-Sneaker-White/dp/B09H5CBW73/ref=sr_1_90?dib=eyJ2IjoiMSJ9.fpKVNTO-5Y83RhV6jfd7mWRfEy1iDnE_XzaYAKYOd8rEGYwPBFiphsfajiEB7NFvpoVMK4QGmN577h4fxX1D9wjIZ7xOoVWFWERXpOpyMokunyV62ONxUNunjtLxhB-167oVzNrkmLzjZxFWW4E_dF7i4cW7etZY2yBhQXxiisztUJvjbBxAG9ONKDMt_wW52zgxwEXS-2vXuZHos49pIZ2r3jNwQgypMFEA2k6Yuvrq1ruIe_QlIydoBkHsFEYsCsym2zUTUttfEe_nkDej5OYJvu5jrqr54tfqLi03wVM.uHcafg0hRbOWIyAUBU1UX4MpLoChh3nchdcXUZf33gM&dib_tag=se&keywords=sneakers&qid=1722674263&sr=8-90,4.4 out of 5 stars,$82.50,https://www.amazon.com/s?k=sneakers&page=2
Hey Dude Women's Karina Shoes Multiple Colors,/Hey-Dude-Sneakers-Comfortable-Light-Weight/dp/B0CJXFQ1QX/ref=sr_1_91?dib=eyJ2IjoiMSJ9.fpKVNTO-5Y83RhV6jfd7mWRfEy1iDnE_XzaYAKYOd8rEGYwPBFiphsfajiEB7NFvpoVMK4QGmN577h4fxX1D9wjIZ7xOoVWFWERXpOpyMokunyV62ONxUNunjtLxhB-167oVzNrkmLzjZxFWW4E_dF7i4cW7etZY2yBhQXxiisztUJvjbBxAG9ONKDMt_wW52zgxwEXS-2vXuZHos49pIZ2r3jNwQgypMFEA2k6Yuvrq1ruIe_QlIydoBkHsFEYsCsym2zUTUttfEe_nkDej5OYJvu5jrqr54tfqLi03wVM.uHcafg0hRbOWIyAUBU1UX4MpLoChh3nchdcXUZf33gM&dib_tag=se&keywords=sneakers&qid=1722674263&sr=8-91,4.6 out of 5 stars,$43.87,https://www.amazon.com/s?k=sneakers&page=2
Skechers Women's Summits Quick Getaway Sneaker,/Skechers-Summit-Quick-Getaway-Light/dp/B07H5ZSFKV/ref=sr_1_92?dib=eyJ2IjoiMSJ9.fpKVNTO-5Y83RhV6jfd7mWRfEy1iDnE_XzaYAKYOd8rEGYwPBFiphsfajiEB7NFvpoVMK4QGmN577h4fxX1D9wjIZ7xOoVWFWERXpOpyMokunyV62ONxUNunjtLxhB-167oVzNrkmLzjZxFWW4E_dF7i4cW7etZY2yBhQXxiisztUJvjbBxAG9ONKDMt_wW52zgxwEXS-2vXuZHos49pIZ2r3jNwQgypMFEA2k6Yuvrq1ruIe_QlIydoBkHsFEYsCsym2zUTUttfEe_nkDej5OYJvu5jrqr54tfqLi03wVM.uHcafg0hRbOWIyAUBU1UX4MpLoChh3nchdcXUZf33gM&dib_tag=se&keywords=sneakers&qid=1722674263&sr=8-92,4.5 out of 5 stars,$40.00,https://www.amazon.com/s?k=sneakers&page=2
Keds Women's Center Iii Lace Up Sneaker,/Keds-Womens-Center-Sneaker-White/dp/B09ZVSN8R3/ref=sr_1_93?dib=eyJ2IjoiMSJ9.fpKVNTO-5Y83RhV6jfd7mWRfEy1iDnE_XzaYAKYOd8rEGYwPBFiphsfajiEB7NFvpoVMK4QGmN577h4fxX1D9wjIZ7xOoVWFWERXpOpyMokunyV62ONxUNunjtLxhB-167oVzNrkmLzjZxFWW4E_dF7i4cW7etZY2yBhQXxiisztUJvjbBxAG9ONKDMt_wW52zgxwEXS-2vXuZHos49pIZ2r3jNwQgypMFEA2k6Yuvrq1ruIe_QlIydoBkHsFEYsCsym2zUTUttfEe_nkDej5OYJvu5jrqr54tfqLi03wVM.uHcafg0hRbOWIyAUBU1UX4MpLoChh3nchdcXUZf33gM&dib_tag=se&keywords=sneakers&qid=1722674263&sr=8-93,4.5 out of 5 stars,$47.32,https://www.amazon.com/s?k=sneakers&page=2
Skechers Women's Bobs D'vine-Instant Delight Sneaker,/Skechers-DVine-Instant-Delight-Sneaker-Natural/dp/B0C6CB358J/ref=sr_1_94?dib=eyJ2IjoiMSJ9.fpKVNTO-5Y83RhV6jfd7mWRfEy1iDnE_XzaYAKYOd8rEGYwPBFiphsfajiEB7NFvpoVMK4QGmN577h4fxX1D9wjIZ7xOoVWFWERXpOpyMokunyV62ONxUNunjtLxhB-167oVzNrkmLzjZxFWW4E_dF7i4cW7etZY2yBhQXxiisztUJvjbBxAG9ONKDMt_wW52zgxwEXS-2vXuZHos49pIZ2r3jNwQgypMFEA2k6Yuvrq1ruIe_QlIydoBkHsFEYsCsym2zUTUttfEe_nkDej5OYJvu5jrqr54tfqLi03wVM.uHcafg0hRbOWIyAUBU1UX4MpLoChh3nchdcXUZf33gM&dib_tag=se&keywords=sneakers&qid=1722674263&sr=8-94,4.7 out of 5 stars,$43.17,https://www.amazon.com/s?k=sneakers&page=2
Blowfish Womens Play Sneaker,/Blowfish-Malibu-Womens-Sneaker-Smoked/dp/B07NYT2TL5/ref=sr_1_95?dib=eyJ2IjoiMSJ9.fpKVNTO-5Y83RhV6jfd7mWRfEy1iDnE_XzaYAKYOd8rEGYwPBFiphsfajiEB7NFvpoVMK4QGmN577h4fxX1D9wjIZ7xOoVWFWERXpOpyMokunyV62ONxUNunjtLxhB-167oVzNrkmLzjZxFWW4E_dF7i4cW7etZY2yBhQXxiisztUJvjbBxAG9ONKDMt_wW52zgxwEXS-2vXuZHos49pIZ2r3jNwQgypMFEA2k6Yuvrq1ruIe_QlIydoBkHsFEYsCsym2zUTUttfEe_nkDej5OYJvu5jrqr54tfqLi03wVM.uHcafg0hRbOWIyAUBU1UX4MpLoChh3nchdcXUZf33gM&dib_tag=se&keywords=sneakers&qid=1722674263&sr=8-95,4.6 out of 5 stars,$27.66,https://www.amazon.com/s?k=sneakers&page=2
Lugz Women's Clipper Classic Slip-on Fashion Sneaker,/Lugz-Womens-Clipper-Fashion-Sneaker/dp/B09MXDK6ZS/ref=sr_1_96?dib=eyJ2IjoiMSJ9.fpKVNTO-5Y83RhV6jfd7mWRfEy1iDnE_XzaYAKYOd8rEGYwPBFiphsfajiEB7NFvpoVMK4QGmN577h4fxX1D9wjIZ7xOoVWFWERXpOpyMokunyV62ONxUNunjtLxhB-167oVzNrkmLzjZxFWW4E_dF7i4cW7etZY2yBhQXxiisztUJvjbBxAG9ONKDMt_wW52zgxwEXS-2vXuZHos49pIZ2r3jNwQgypMFEA2k6Yuvrq1ruIe_QlIydoBkHsFEYsCsym2zUTUttfEe_nkDej5OYJvu5jrqr54tfqLi03wVM.uHcafg0hRbOWIyAUBU1UX4MpLoChh3nchdcXUZf33gM&dib_tag=se&keywords=sneakers&qid=1722674263&sr=8-96,4.2 out of 5 stars,$23.97,https://www.amazon.com/s?k=sneakers&page=2
ASICS Men's Gel-Contend 8 Running Shoes,/ASICS-Gel-Contend-Running-Shoes-Black/dp/B09V7MMX3K/ref=sr_1_97?dib=eyJ2IjoiMSJ9.fpKVNTO-5Y83RhV6jfd7mWRfEy1iDnE_XzaYAKYOd8rEGYwPBFiphsfajiEB7NFvpoVMK4QGmN577h4fxX1D9wjIZ7xOoVWFWERXpOpyMokunyV62ONxUNunjtLxhB-167oVzNrkmLzjZxFWW4E_dF7i4cW7etZY2yBhQXxiisztUJvjbBxAG9ONKDMt_wW52zgxwEXS-2vXuZHos49pIZ2r3jNwQgypMFEA2k6Yuvrq1ruIe_QlIydoBkHsFEYsCsym2zUTUttfEe_nkDej5OYJvu5jrqr54tfqLi03wVM.uHcafg0hRbOWIyAUBU1UX4MpLoChh3nchdcXUZf33gM&dib_tag=se&keywords=sneakers&qid=1722674263&sr=8-97,4.6 out of 5 stars,$54.95,https://www.amazon.com/s?k=sneakers&page=2
PUMA Men's Club 5v5,/PUMA-Mens-Sneaker-White-Black-Vapor/dp/B0CL7MKRJK/ref=sr_1_98?dib=eyJ2IjoiMSJ9.fpKVNTO-5Y83RhV6jfd7mWRfEy1iDnE_XzaYAKYOd8rEGYwPBFiphsfajiEB7NFvpoVMK4QGmN577h4fxX1D9wjIZ7xOoVWFWERXpOpyMokunyV62ONxUNunjtLxhB-167oVzNrkmLzjZxFWW4E_dF7i4cW7etZY2yBhQXxiisztUJvjbBxAG9ONKDMt_wW52zgxwEXS-2vXuZHos49pIZ2r3jNwQgypMFEA2k6Yuvrq1ruIe_QlIydoBkHsFEYsCsym2zUTUttfEe_nkDej5OYJvu5jrqr54tfqLi03wVM.uHcafg0hRbOWIyAUBU1UX4MpLoChh3nchdcXUZf33gM&dib_tag=se&keywords=sneakers&qid=1722674263&sr=8-98,3.8 out of 5 stars,$63.28,https://www.amazon.com/s?k=sneakers&page=2
Nautica Women Fashion Sneaker Lace-Up Tennis Casual Shoes for Ladies,/Nautica-Lace-Up-Fashion-Sneaker-Shoes-Aelisa-White/dp/B09TQ2MV9H/ref=sr_1_99?dib=eyJ2IjoiMSJ9.fpKVNTO-5Y83RhV6jfd7mWRfEy1iDnE_XzaYAKYOd8rEGYwPBFiphsfajiEB7NFvpoVMK4QGmN577h4fxX1D9wjIZ7xOoVWFWERXpOpyMokunyV62ONxUNunjtLxhB-167oVzNrkmLzjZxFWW4E_dF7i4cW7etZY2yBhQXxiisztUJvjbBxAG9ONKDMt_wW52zgxwEXS-2vXuZHos49pIZ2r3jNwQgypMFEA2k6Yuvrq1ruIe_QlIydoBkHsFEYsCsym2zUTUttfEe_nkDej5OYJvu5jrqr54tfqLi03wVM.uHcafg0hRbOWIyAUBU1UX4MpLoChh3nchdcXUZf33gM&dib_tag=se&keywords=sneakers&qid=1722674263&sr=8-99,4.3 out of 5 stars,,https://www.amazon.com/s?k=sneakers&page=2
Under Armour Boys' Pre School Assert 10 Alternate Closure,/Under-Armour-School-Alternate-Closure/dp/B0CJSWRTHG/ref=sr_1_100?dib=eyJ2IjoiMSJ9.fpKVNTO-5Y83RhV6jfd7mWRfEy1iDnE_XzaYAKYOd8rEGYwPBFiphsfajiEB7NFvpoVMK4QGmN577h4fxX1D9wjIZ7xOoVWFWERXpOpyMokunyV62ONxUNunjtLxhB-167oVzNrkmLzjZxFWW4E_dF7i4cW7etZY2yBhQXxiisztUJvjbBxAG9ONKDMt_wW52zgxwEXS-2vXuZHos49pIZ2r3jNwQgypMFEA2k6Yuvrq1ruIe_QlIydoBkHsFEYsCsym2zUTUttfEe_nkDej5OYJvu5jrqr54tfqLi03wVM.uHcafg0hRbOWIyAUBU1UX4MpLoChh3nchdcXUZf33gM&dib_tag=se&keywords=sneakers&qid=1722674263&sr=8-100,4.6 out of 5 stars,$41.25,https://www.amazon.com/s?k=sneakers&page=2
Dolce Vita Women's Notice Sneaker,/Dolce-Vita-Womens-Notice-Sneaker/dp/B0CPQ35M73/ref=sr_1_101?dib=eyJ2IjoiMSJ9.fpKVNTO-5Y83RhV6jfd7mWRfEy1iDnE_XzaYAKYOd8rEGYwPBFiphsfajiEB7NFvpoVMK4QGmN577h4fxX1D9wjIZ7xOoVWFWERXpOpyMokunyV62ONxUNunjtLxhB-167oVzNrkmLzjZxFWW4E_dF7i4cW7etZY2yBhQXxiisztUJvjbBxAG9ONKDMt_wW52zgxwEXS-2vXuZHos49pIZ2r3jNwQgypMFEA2k6Yuvrq1ruIe_QlIydoBkHsFEYsCsym2zUTUttfEe_nkDej5OYJvu5jrqr54tfqLi03wVM.uHcafg0hRbOWIyAUBU1UX4MpLoChh3nchdcXUZf33gM&dib_tag=se&keywords=sneakers&qid=1722674263&sr=8-101,4.0 out of 5 stars,$135.00,https://www.amazon.com/s?k=sneakers&page=2
adidas Women's Qt Racer 2.0 Running Shoe,/adidas-Womens-Racer-Running-Metallic/dp/B08JMCMTDY/ref=sr_1_102?dib=eyJ2IjoiMSJ9.fpKVNTO-5Y83RhV6jfd7mWRfEy1iDnE_XzaYAKYOd8rEGYwPBFiphsfajiEB7NFvpoVMK4QGmN577h4fxX1D9wjIZ7xOoVWFWERXpOpyMokunyV62ONxUNunjtLxhB-167oVzNrkmLzjZxFWW4E_dF7i4cW7etZY2yBhQXxiisztUJvjbBxAG9ONKDMt_wW52zgxwEXS-2vXuZHos49pIZ2r3jNwQgypMFEA2k6Yuvrq1ruIe_QlIydoBkHsFEYsCsym2zUTUttfEe_nkDej5OYJvu5jrqr54tfqLi03wVM.uHcafg0hRbOWIyAUBU1UX4MpLoChh3nchdcXUZf33gM&dib_tag=se&keywords=sneakers&qid=1722674263&sr=8-102,4.4 out of 5 stars,,https://www.amazon.com/s?k=sneakers&page=2
TRETORN Women's Hopper Sneaker,/TRETORN-Womens-Hopper-Sneaker-White/dp/B0CL1BTB6L/ref=sr_1_103?dib=eyJ2IjoiMSJ9.fpKVNTO-5Y83RhV6jfd7mWRfEy1iDnE_XzaYAKYOd8rEGYwPBFiphsfajiEB7NFvpoVMK4QGmN577h4fxX1D9wjIZ7xOoVWFWERXpOpyMokunyV62ONxUNunjtLxhB-167oVzNrkmLzjZxFWW4E_dF7i4cW7etZY2yBhQXxiisztUJvjbBxAG9ONKDMt_wW52zgxwEXS-2vXuZHos49pIZ2r3jNwQgypMFEA2k6Yuvrq1ruIe_QlIydoBkHsFEYsCsym2zUTUttfEe_nkDej5OYJvu5jrqr54tfqLi03wVM.uHcafg0hRbOWIyAUBU1UX4MpLoChh3nchdcXUZf33gM&dib_tag=se&keywords=sneakers&qid=1722674263&sr=8-103,5.0 out of 5 stars,$49.99,https://www.amazon.com/s?k=sneakers&page=2
Skechers Women's Hands Free Slip-Ins Skip Cute - B Cute Sweet Sneaker,/Skechers-Womens-Hands-Free-Slip-Ins/dp/B0CLC1BJKV/ref=sr_1_104?dib=eyJ2IjoiMSJ9.fpKVNTO-5Y83RhV6jfd7mWRfEy1iDnE_XzaYAKYOd8rEGYwPBFiphsfajiEB7NFvpoVMK4QGmN577h4fxX1D9wjIZ7xOoVWFWERXpOpyMokunyV62ONxUNunjtLxhB-167oVzNrkmLzjZxFWW4E_dF7i4cW7etZY2yBhQXxiisztUJvjbBxAG9ONKDMt_wW52zgxwEXS-2vXuZHos49pIZ2r3jNwQgypMFEA2k6Yuvrq1ruIe_QlIydoBkHsFEYsCsym2zUTUttfEe_nkDej5OYJvu5jrqr54tfqLi03wVM.uHcafg0hRbOWIyAUBU1UX4MpLoChh3nchdcXUZf33gM&dib_tag=se&keywords=sneakers&qid=1722674263&sr=8-104,4.6 out of 5 stars,$60.00,https://www.amazon.com/s?k=sneakers&page=2
Blowfish Womens Marley Slip On Sneaker,/Blowfish-Malibu-Womens-Marley-Sneaker/dp/B08QZF967G/ref=sr_1_105?dib=eyJ2IjoiMSJ9.fpKVNTO-5Y83RhV6jfd7mWRfEy1iDnE_XzaYAKYOd8rEGYwPBFiphsfajiEB7NFvpoVMK4QGmN577h4fxX1D9wjIZ7xOoVWFWERXpOpyMokunyV62ONxUNunjtLxhB-167oVzNrkmLzjZxFWW4E_dF7i4cW7etZY2yBhQXxiisztUJvjbBxAG9ONKDMt_wW52zgxwEXS-2vXuZHos49pIZ2r3jNwQgypMFEA2k6Yuvrq1ruIe_QlIydoBkHsFEYsCsym2zUTUttfEe_nkDej5OYJvu5jrqr54tfqLi03wVM.uHcafg0hRbOWIyAUBU1UX4MpLoChh3nchdcXUZf33gM&dib_tag=se&keywords=sneakers&qid=1722674263&sr=8-105,4.6 out of 5 stars,$26.12,https://www.amazon.com/s?k=sneakers&page=2
Adidas Swift Run 22 Shoes,/adidas-Originals-Swift-Sneaker-Altered/dp/B09HGGW56H/ref=sr_1_106?dib=eyJ2IjoiMSJ9.fpKVNTO-5Y83RhV6jfd7mWRfEy1iDnE_XzaYAKYOd8rEGYwPBFiphsfajiEB7NFvpoVMK4QGmN577h4fxX1D9wjIZ7xOoVWFWERXpOpyMokunyV62ONxUNunjtLxhB-167oVzNrkmLzjZxFWW4E_dF7i4cW7etZY2yBhQXxiisztUJvjbBxAG9ONKDMt_wW52zgxwEXS-2vXuZHos49pIZ2r3jNwQgypMFEA2k6Yuvrq1ruIe_QlIydoBkHsFEYsCsym2zUTUttfEe_nkDej5OYJvu5jrqr54tfqLi03wVM.uHcafg0hRbOWIyAUBU1UX4MpLoChh3nchdcXUZf33gM&dib_tag=se&keywords=sneakers&qid=1722674263&sr=8-106,4.3 out of 5 stars,,https://www.amazon.com/s?k=sneakers&page=2
Blowfish Malibu Women's Aztek Sneaker,/Blowfish-Malibu-Womens-Sneaker-Baltic/dp/B0CDJN1H6G/ref=sr_1_107?dib=eyJ2IjoiMSJ9.fpKVNTO-5Y83RhV6jfd7mWRfEy1iDnE_XzaYAKYOd8rEGYwPBFiphsfajiEB7NFvpoVMK4QGmN577h4fxX1D9wjIZ7xOoVWFWERXpOpyMokunyV62ONxUNunjtLxhB-167oVzNrkmLzjZxFWW4E_dF7i4cW7etZY2yBhQXxiisztUJvjbBxAG9ONKDMt_wW52zgxwEXS-2vXuZHos49pIZ2r3jNwQgypMFEA2k6Yuvrq1ruIe_QlIydoBkHsFEYsCsym2zUTUttfEe_nkDej5OYJvu5jrqr54tfqLi03wVM.uHcafg0hRbOWIyAUBU1UX4MpLoChh3nchdcXUZf33gM&dib_tag=se&keywords=sneakers&qid=1722674263&sr=8-107,4.7 out of 5 stars,$29.99,https://www.amazon.com/s?k=sneakers&page=2
Nautica Women's Fashion Sneaker Lace-Up Jogger Running Shoe Casual Walking Tennis Sneaker,/Nautica-Women-Comfort-Lace-Up-Sneaker/dp/B0BTFCWTN3/ref=sr_1_108?dib=eyJ2IjoiMSJ9.fpKVNTO-5Y83RhV6jfd7mWRfEy1iDnE_XzaYAKYOd8rEGYwPBFiphsfajiEB7NFvpoVMK4QGmN577h4fxX1D9wjIZ7xOoVWFWERXpOpyMokunyV62ONxUNunjtLxhB-167oVzNrkmLzjZxFWW4E_dF7i4cW7etZY2yBhQXxiisztUJvjbBxAG9ONKDMt_wW52zgxwEXS-2vXuZHos49pIZ2r3jNwQgypMFEA2k6Yuvrq1ruIe_QlIydoBkHsFEYsCsym2zUTUttfEe_nkDej5OYJvu5jrqr54tfqLi03wVM.uHcafg0hRbOWIyAUBU1UX4MpLoChh3nchdcXUZf33gM&dib_tag=se&keywords=sneakers&qid=1722674263&sr=8-108,4.4 out of 5 stars,,https://www.amazon.com/s?k=sneakers&page=2
